order_id,order_date,customer_id,customer_segment,customer_type,region,city,product_category,product_subcategory,payment_method,campaign_source,quantity,unit_price,discount_pct,shipping_days,returned,order_value
O2025001,2025-04-25,C1198,consumer,vip,south,helsingborg,beauty,skincare,card,organic,4,33.9,0.182,3,Yes,110.9208
O2025003,2025-11-06,C1096,consumer,returning,north,uppsala,sports,fitness,paypal,organic,1,190.22,0,3,No,190.22
O2025004,2025-10-09,C1160,consumer,new,east,orebro,fashion,shoes,paypal,affiliate,1,144.56,0.042,5,No,138.48848
O2025005,2025-05-02,C1063,consumer,returning,east,linkoping,beauty,skincare,invoice,paid search,2,52.01,0.091,4,No,94.55418
O2025007,2025-02-27,C1238,small business,returning,west,goteborg,fashion,shoes,gift card,organic,1,97.55,0.055,1,No,92.18475
O2025008,2025-06-19,C1218,consumer,vip,north,vasteras,home,furniture,invoice,affiliate,1,1051.52,0.12,5,No,925.3376
O2025009,2025-03-18,C1240,consumer,returning,south,lund,fashion,sportswear,card,organic,4,82.84,0.041,3,No,317.77424
O2025010,2025-01-01,C1129,small business,new,north,vasteras,home,kitchen,invoice,social,2,164.19,0.058,5,No,309.33396
O2025011,2025-07-22,C1046,corporate,new,north,stockholm,beauty,haircare,gift card,social,1,38.97,0.028,2,No,37.87884
O2025012,2025-01-15,C1093,small business,returning,west,boras,sports,team sports,invoice,social,1,105.58,0.045,4,No,100.82889999999999
O2025013,2025-05-27,C1089,consumer,returning,south,lund,fashion,jackets,swish,social,1,203.5,0.055,2,No,192.30749999999998
O2025015,2025-09-28,C1052,consumer,returning,west,boras,sports,team sports,card,social,1,96.08,0.088,3,No,87.62496
O2025016,2025-12-14,C1141,small business,returning,south,malmo,beauty,skincare,paypal,direct,1,44.96,0.002,5,No,44.87008
O2025017,2025-06-11,C1164,corporate,returning,east,linkoping,home,kitchen,swish,direct,2,81.77,0.032,5,No,158.30671999999998
O2025018,2025-11-30,C1162,consumer,returning,south,helsingborg,fashion,jackets,card,paid search,1,175.92,0.143,3,No,150.76343999999997
O2025019,2025-07-28,C1043,corporate,new,south,lund,beauty,fragrance,card,organic,1,73.27,0,2,No,73.27
O2025021,2025-12-24,C1184,small business,returning,north,vasteras,fashion,sportswear,swish,social,1,90.24,0.014,4,Yes,88.97663999999999
O2025022,2025-09-07,C1189,consumer,new,south,helsingborg,home,kitchen,card,social,1,143.93,0.068,3,No,134.14276
O2025023,2025-06-18,C1243,consumer,returning,east,linkoping,sports,outdoor,card,direct,2,109.34,0.043,6,No,209.27676
O2025024,2025-04-23,C1138,consumer,new,north,stockholm,fashion,shoes,swish,social,2,103.55,0.036,2,No,199.6444
O2025025,2025-04-08,C1214,corporate,returning,south,lund,sports,fitness,swish,organic,1,343.08,0.036,4,No,330.72911999999997
O2025026,2025-02-03,C1080,consumer,new,north,stockholm,electronics,laptop,card,organic,1,1272.53,0.081,5,No,1169.45507
O2025027,2025-09-13,C1257,consumer,returning,north,uppsala,fashion,shoes,paypal,direct,1,110.05,0,1,No,110.05
O2025028,2025-06-13,C1246,small business,returning,west,boras,fashion,jackets,card,social,1,292.87,0.025,2,No,285.54825
O2025029,2025-08-15,C1067,small business,returning,west,halmstad,sports,fitness,invoice,email,1,251.89,0.021,4,No,246.60030999999998
O2025030,2025-10-29,C1219,consumer,new,north,stockholm,beauty,fragrance,invoice,paid search,1,74.62,0.057,4,No,70.36666
O2025031,2025-08-24,C1123,small business,returning,east,orebro,sports,cycling,card,organic,1,468.34,0.057,4,No,441.64462
O2025033,2025-05-11,C1013,consumer,returning,west,halmstad,electronics,mobile,invoice,affiliate,2,414.67,0.147,3,No,707.42702
O2025034,2025-01-23,C1084,corporate,vip,east,linkoping,fashion,sportswear,invoice,paid search,1,58.56,0.006,4,No,58.20864
O2025035,2025-10-22,C1206,consumer,new,east,orebro,home,decor,invoice,direct,1,123.8,0.107,5,No,110.5534
O2025036,2025-10-20,C1164,corporate,returning,east,linkoping,beauty,haircare,invoice,paid search,1,46.61,0.085,3,No,42.64815
O2025037,2025-05-23,C1252,corporate,returning,north,uppsala,electronics,laptop,card,email,1,1349.83,0.073,3,No,1251.29241
O2025038,2025-07-12,C1214,corporate,returning,south,lund,fashion,shoes,paypal,email,1,160.73,0.063,4,Yes,150.60401
O2025040,2025-11-18,C1228,small business,returning,west,halmstad,fashion,shoes,invoice,paid search,1,96.19,0.112,1,No,85.41672
O2025041,2025-04-09,C1221,consumer,returning,west,halmstad,beauty,skincare,invoice,affiliate,1,9.17,0.085,1,No,8.390550000000001
O2025042,2025-11-29,C1110,corporate,returning,east,norrkoping,home,furniture,card,email,2,601.47,0.21,5,No,950.3226000000001
O2025043,2025-02-13,C1131,small business,returning,north,vasteras,electronics,laptop,card,social,1,1094.44,0.079,4,No,1007.9792400000001
O2025044,2025-06-13,C1036,consumer,new,north,stockholm,home,furniture,gift card,affiliate,2,809.42,0.128,5,No,1411.6284799999999
O2025045,2025-02-05,C1229,corporate,returning,north,stockholm,fashion,accessories,gift card,direct,1,37.1,0.053,2,No,35.1337
O2025046,2025-07-10,C1234,consumer,new,east,orebro,electronics,tablet,invoice,organic,1,817.81,0.02,4,No,801.4537999999999
O2025047,2025-10-17,C1115,consumer,vip,east,linkoping,electronics,laptop,paypal,organic,1,818.25,0.168,3,No,680.784
O2025048,2025-08-14,C1218,consumer,vip,north,vasteras,electronics,tablet,gift card,direct,1,574.82,0.181,1,No,470.77758
O2025049,2025-10-18,C1224,corporate,returning,east,linkoping,home,kitchen,card,social,1,76.54,0.013,7,Yes,75.54498000000001
O2025050,2025-04-26,C1040,consumer,returning,east,linkoping,beauty,fragrance,card,direct,1,91.81,0.027,4,Yes,89.33113
O2025051,2025-03-21,C1038,consumer,returning,north,stockholm,beauty,skincare,swish,organic,1,54.84,0.129,1,No,47.765640000000005
O2025052,2025-02-16,C1090,consumer,returning,west,goteborg,home,kitchen,invoice,social,2,121.12,0.056,6,No,228.67455999999999
O2025053,2025-06-09,C1045,small business,returning,north,uppsala,home,decor,card,direct,2,103.64,0.005,2,No,206.2436
O2025054,2025-01-12,C1132,corporate,returning,west,boras,beauty,skincare,invoice,organic,1,43.04,0.098,3,Yes,38.82208
O2025055,2025-06-27,C1155,corporate,new,south,helsingborg,beauty,fragrance,swish,affiliate,1,70.19,0.076,6,No,64.85556
O2025056,2025-03-12,C1222,consumer,returning,east,linkoping,home,kitchen,card,email,1,91.02,0.159,5,No,76.54781999999999
O2025057,2025-08-30,C1127,small business,vip,west,goteborg,sports,outdoor,swish,social,1,268.75,0.11,3,No,239.1875
O2025058,2025-02-06,C1248,consumer,new,west,boras,electronics,laptop,swish,social,1,1128.65,0.008,5,No,1119.6208000000001
O2025059,2025-04-17,C1208,consumer,returning,north,stockholm,home,furniture,card,social,1,613.04,0,4,No,613.04
O2025061,2025-03-29,C1047,consumer,returning,east,norrkoping,fashion,jackets,swish,organic,1,70.13,0.011,6,No,69.35857
O2025062,2025-01-09,C1225,small business,returning,north,stockholm,fashion,jackets,card,paid search,3,148.78,0.061,1,No,419.1132600000001
O2025063,2025-11-21,C1127,small business,vip,west,goteborg,fashion,jackets,swish,organic,2,270.44,0.036,2,No,521.40832
O2025064,2025-02-13,C1231,corporate,new,north,uppsala,home,decor,invoice,email,1,79.08,0.133,5,Yes,68.56236
O2025065,2025-04-08,C1194,consumer,new,north,uppsala,home,furniture,card,organic,2,611.76,0.072,4,No,1135.42656
O2025066,2025-10-08,C1036,consumer,new,north,stockholm,sports,outdoor,card,email,1,108.56,0.005,3,No,108.0172
O2025067,2025-03-27,C1158,corporate,new,north,stockholm,beauty,fragrance,gift card,paid search,1,78.71,0.087,4,No,71.86223
O2025068,2025-09-24,C1210,small business,new,north,uppsala,home,kitchen,card,organic,1,157.71,0,2,No,157.71
O2025069,2025-09-30,C1192,corporate,returning,west,goteborg,home,decor,swish,organic,1,90.97,0.038,6,No,87.51313999999999
O2025070,2025-02-17,C1052,consumer,returning,west,boras,fashion,shoes,card,affiliate,2,102.38,0.085,3,Yes,187.3554
O2025071,2025-04-16,C1006,consumer,vip,east,orebro,home,lighting,card,organic,2,176.2,0.122,6,No,309.4072
O2025072,2025-05-24,C1238,small business,returning,west,goteborg,beauty,skincare,invoice,email,1,74.4,0.109,3,No,66.2904
O2025074,2025-04-23,C1130,consumer,vip,south,lund,fashion,sportswear,swish,organic,2,75.82,0.101,3,No,136.32435999999998
O2025075,2025-05-25,C1087,consumer,returning,west,halmstad,sports,team sports,invoice,email,2,166.61,0.208,5,Yes,263.91024000000004
O2025076,2025-08-07,C1107,consumer,vip,south,malmo,home,decor,card,direct,1,45.05,0.109,3,No,40.13955
O2025077,2025-10-15,C1076,consumer,new,north,uppsala,electronics,headphones,invoice,paid search,1,118.48,0.038,4,No,113.97776
O2025079,2025-01-19,C1106,consumer,returning,north,stockholm,home,lighting,invoice,social,1,103.6,0,4,No,103.6
O2025080,2025-02-14,C1116,consumer,returning,north,uppsala,electronics,mobile,card,paid search,2,146.91,0.019,3,No,288.23742
O2025081,2025-11-21,C1214,corporate,returning,south,lund,electronics,laptop,gift card,organic,1,750.58,0.085,4,No,686.7807
O2025082,2025-09-26,C1150,consumer,vip,east,norrkoping,fashion,jackets,card,social,1,159.28,0.166,2,No,132.83952
O2025083,2025-11-18,C1109,small business,returning,south,helsingborg,electronics,tablet,swish,email,1,620.92,0.054,3,No,587.39032
O2025084,2025-03-17,C1079,consumer,vip,east,linkoping,sports,cycling,invoice,email,1,566.87,0.205,7,No,450.66165
O2025085,2025-11-29,C1240,consumer,returning,south,lund,sports,fitness,card,paid search,2,155.43,0.009,5,No,308.06226000000004
O2025087,2025-07-19,C1166,consumer,new,south,helsingborg,electronics,headphones,invoice,direct,1,33.82,0.089,6,No,30.81002
O2025088,2025-08-03,C1047,consumer,returning,east,norrkoping,electronics,headphones,card,social,1,161.95,0.027,4,No,157.57735
O2025089,2025-01-01,C1251,small business,returning,west,boras,home,furniture,card,social,1,659.88,0.059,4,No,620.94708
O2025090,2025-06-29,C1220,consumer,returning,west,halmstad,home,decor,gift card,paid search,1,89.25,0.117,5,No,78.80775
O2025091,2025-04-15,C1187,consumer,returning,north,vasteras,electronics,tablet,card,email,1,426.85,0.194,2,No,344.04110000000003
O2025092,2025-08-01,C1207,consumer,new,north,stockholm,home,decor,card,social,1,87.2,0.099,3,No,78.5672
O2025094,2025-04-04,C1170,consumer,returning,west,halmstad,electronics,mobile,card,affiliate,1,399.76,0.016,5,No,393.36384
O2025095,2025-01-21,C1099,consumer,returning,north,vasteras,beauty,skincare,invoice,direct,1,51.24,0.049,4,No,48.72924
O2025096,2025-02-21,C1188,small business,returning,north,uppsala,beauty,fragrance,card,email,1,121.41,0.143,5,No,104.04836999999999
O2025097,2025-06-30,C1093,small business,returning,west,boras,fashion,shoes,swish,affiliate,1,116.99,0.161,2,No,98.15460999999999
O2025098,2025-09-11,C1063,consumer,returning,north,uppsala,home,kitchen,card,direct,1,76.97,0.064,4,No,72.04392
O2025100,2025-08-21,C1148,consumer,returning,east,norrkoping,sports,cycling,invoice,paid search,2,295.7,0.01,3,No,585.486
O2025102,2025-10-14,C1062,consumer,vip,south,helsingborg,beauty,skincare,card,organic,2,15.75,0.082,2,No,28.917
O2025103,2025-04-05,C1107,consumer,vip,south,malmo,home,kitchen,paypal,paid search,1,93.84,0.165,3,No,78.3564
O2025104,2025-03-11,C1030,small business,returning,north,stockholm,fashion,jackets,card,organic,1,133.28,0.036,2,No,128.48192
O2025106,2025-04-29,C1102,small business,returning,west,goteborg,home,lighting,card,paid search,1,145.51,0.03,3,No,141.1447
O2025107,2025-07-13,C1216,consumer,vip,west,halmstad,sports,team sports,gift card,direct,2,92.25,0.097,2,No,166.6035
O2025108,2025-04-14,C1139,consumer,returning,west,boras,beauty,skincare,card,affiliate,1,35,0.024,6,No,34.16
O2025109,2025-01-07,C1034,small business,returning,east,orebro,fashion,jackets,invoice,direct,1,199.09,0.008,4,No,197.49728
O2025110,2025-09-23,C1223,corporate,returning,west,goteborg,home,kitchen,card,direct,1,100.88,0.066,4,No,94.22191999999998
O2025111,2025-11-09,C1146,corporate,new,north,uppsala,electronics,mobile,card,email,1,455.35,0.215,2,No,357.44975000000005
O2025112,2025-02-06,C1221,consumer,returning,west,halmstad,electronics,mobile,card,paid search,1,512.02,0.213,4,No,402.95974
O2025113,2025-11-25,C1235,small business,returning,north,stockholm,sports,team sports,card,email,2,51.59,0.123,2,No,90.48886
O2025114,2025-06-14,C1159,consumer,returning,east,norrkoping,electronics,laptop,card,email,1,605.56,0.066,3,No,565.5930399999999
O2025115,2025-06-02,C1100,small business,new,west,goteborg,home,kitchen,gift card,social,1,73.85,0.071,4,No,68.60665
O2025116,2025-02-02,C1242,small business,new,east,linkoping,sports,outdoor,swish,paid search,2,199.23,0.109,5,No,355.02786
O2025119,2025-12-01,C1110,corporate,returning,east,norrkoping,fashion,shoes,card,organic,1,109.02,0.019,5,No,106.94861999999999
O2025120,2025-06-02,C1250,corporate,returning,north,uppsala,sports,outdoor,invoice,organic,3,134.08,0.074,3,No,372.47424
O2025121,2025-04-26,C1068,consumer,new,east,linkoping,electronics,laptop,swish,paid search,1,926.43,0.052,5,No,878.2556399999999
O2025122,2025-07-25,C1018,small business,returning,west,goteborg,beauty,haircare,invoice,email,2,42.21,0.141,2,No,72.51678
O2025123,2025-09-18,C1027,small business,returning,north,stockholm,fashion,jackets,card,organic,1,200.25,0,2,No,200.25
O2025125,2025-02-07,C1088,consumer,new,south,malmo,electronics,tablet,card,organic,1,552.43,0.12,5,No,486.13839999999993
O2025126,2025-12-13,C1217,small business,new,north,uppsala,home,furniture,invoice,email,1,341.61,0.087,3,No,311.88993000000005
O2025127,2025-12-31,C1200,consumer,returning,north,uppsala,fashion,jackets,card,affiliate,1,147.19,0.074,4,No,136.29794
O2025128,2025-12-19,C1208,consumer,returning,north,stockholm,fashion,jackets,swish,paid search,1,170.56,0,3,No,170.56
O2025129,2025-06-12,C1196,consumer,vip,west,boras,beauty,skincare,swish,direct,1,65.43,0.144,2,No,56.00808000000001
O2025130,2025-01-14,C1183,small business,new,north,vasteras,electronics,headphones,card,organic,2,174.59,0.089,2,No,318.10298
O2025131,2025-03-20,C1079,consumer,vip,east,linkoping,electronics,mobile,gift card,social,1,413.44,0.116,5,No,365.48096
O2025132,2025-09-23,C1226,consumer,returning,north,vasteras,fashion,jackets,gift card,direct,1,224.23,0.009,3,No,222.21193
O2025133,2025-10-06,C1091,corporate,vip,south,malmo,electronics,mobile,card,organic,1,365.34,0.152,5,No,309.80832
O2025134,2025-10-06,C1103,consumer,new,north,vasteras,electronics,tablet,card,paid search,1,272.22,0.125,4,No,238.19250000000002
O2025135,2025-02-04,C1179,consumer,returning,east,orebro,home,decor,swish,organic,1,96.17,0.023,7,Yes,93.95809
O2025136,2025-07-27,C1257,consumer,returning,north,uppsala,electronics,tablet,card,affiliate,1,481.37,0.074,4,No,445.74862
O2025137,2025-11-20,C1127,small business,vip,west,goteborg,beauty,makeup,paypal,paid search,2,52.19,0.145,4,No,89.2449
O2025138,2025-02-24,C1215,consumer,returning,north,stockholm,fashion,jackets,card,email,1,232.89,0,3,No,232.89
O2025139,2025-03-19,C1156,consumer,new,west,goteborg,sports,team sports,card,organic,1,102.82,0.043,7,Yes,98.39873999999999
O2025140,2025-11-06,C1087,consumer,returning,west,halmstad,sports,team sports,card,direct,1,119.35,0.012,5,No,117.9178
O2025141,2025-05-12,C1159,consumer,returning,south,malmo,sports,cycling,invoice,organic,2,442.96,0.053,5,No,838.96624
O2025142,2025-07-16,C1177,small business,returning,east,linkoping,home,furniture,invoice,organic,1,1075.62,0.005,6,Yes,1070.2419
O2025143,2025-07-16,C1025,consumer,returning,north,uppsala,electronics,mobile,swish,organic,2,127.29,0.042,3,No,243.88764
O2025144,2025-11-22,C1186,corporate,returning,north,uppsala,home,lighting,card,social,2,79.56,0.038,1,No,153.07344
O2025145,2025-09-12,C1001,consumer,vip,west,halmstad,fashion,shoes,invoice,email,1,94.53,0.149,3,No,80.44503
O2025146,2025-03-11,C1166,consumer,new,south,helsingborg,fashion,sportswear,invoice,email,1,43.87,0,3,Yes,43.87
O2025147,2025-07-16,C1103,consumer,new,north,vasteras,sports,cycling,card,paid search,2,951.35,0.101,1,No,1710.5273
O2025148,2025-05-16,C1135,consumer,returning,north,stockholm,electronics,tablet,invoice,direct,1,844.96,0.113,1,No,749.4795200000001
O2025149,2025-02-22,C1009,consumer,returning,south,helsingborg,sports,team sports,card,email,2,65.51,0.092,4,No,118.96616000000002
O2025150,2025-12-28,C1143,corporate,vip,south,helsingborg,sports,cycling,swish,direct,1,588.38,0.093,3,No,533.66066
O2025151,2025-07-01,C1171,small business,returning,west,halmstad,fashion,sportswear,card,organic,1,73.07,0,1,No,73.07
O2025152,2025-01-08,C1058,consumer,new,north,stockholm,electronics,laptop,paypal,social,1,1265.49,0.023,4,No,1236.38373
O2025153,2025-03-01,C1246,small business,returning,west,boras,fashion,sportswear,gift card,organic,1,111.34,0.005,3,No,110.7833
O2025154,2025-05-01,C1003,corporate,returning,east,norrkoping,fashion,shoes,card,direct,1,109.92,0.071,3,No,102.11568000000001
O2025155,2025-06-09,C1063,consumer,returning,east,linkoping,beauty,makeup,card,organic,1,66.48,0.08,5,No,61.16160000000001
O2025156,2025-08-13,C1176,small business,returning,north,stockholm,fashion,accessories,swish,organic,1,35.98,0.072,3,No,33.38944
O2025157,2025-08-09,C1166,consumer,new,south,helsingborg,fashion,sportswear,card,affiliate,1,83.97,0.133,3,No,72.80199
O2025158,2025-05-10,C1019,consumer,new,south,lund,electronics,headphones,card,paid search,1,147.48,0.082,4,No,135.38664
O2025159,2025-06-12,C1224,corporate,returning,east,linkoping,beauty,skincare,gift card,direct,1,66.06,0.056,4,No,62.36064
O2025160,2025-09-15,C1195,consumer,returning,north,uppsala,home,decor,swish,direct,1,43.02,0,5,No,43.02
O2025161,2025-02-19,C1128,consumer,returning,north,stockholm,beauty,haircare,card,direct,3,35.55,0.085,2,No,97.58475
O2025163,2025-03-30,C1120,small business,new,north,stockholm,beauty,makeup,paypal,paid search,2,46.7,0.12,3,No,82.19200000000001
O2025164,2025-03-14,C1239,corporate,returning,south,helsingborg,beauty,fragrance,swish,affiliate,4,89.28,0.051,5,No,338.90688
O2025165,2025-05-30,C1147,consumer,returning,west,boras,home,kitchen,invoice,organic,1,128.19,0,4,Yes,128.19
O2025166,2025-11-03,C1192,corporate,returning,west,goteborg,fashion,accessories,invoice,paid search,1,39.12,0.07,4,No,36.38159999999999
O2025168,2025-11-08,C1126,consumer,returning,north,stockholm,home,decor,card,direct,2,113.51,0.088,4,No,207.04224000000002
O2025170,2025-05-22,C1208,consumer,returning,north,stockholm,home,lighting,invoice,organic,1,224.33,0.017,4,No,220.51639
O2025171,2025-07-08,C1133,small business,vip,north,vasteras,home,decor,card,affiliate,1,49.28,0.1,4,Yes,44.352000000000004
O2025172,2025-05-30,C1183,small business,new,north,vasteras,home,kitchen,invoice,organic,1,139.41,0.103,5,Yes,125.05077
O2025174,2025-05-12,C1138,consumer,new,south,lund,beauty,fragrance,swish,social,2,111.58,0.046,4,No,212.89463999999998
O2025177,2025-03-22,C1091,corporate,vip,south,malmo,sports,fitness,swish,email,1,167.62,0.057,2,No,158.06566
O2025180,2025-09-24,C1123,small business,returning,east,orebro,fashion,accessories,swish,email,1,54.58,0.152,3,No,46.28384
O2025182,2025-10-24,C1247,corporate,returning,west,goteborg,home,decor,card,paid search,1,73.4,0.145,4,No,62.757000000000005
O2025183,2025-11-20,C1060,small business,returning,west,halmstad,home,kitchen,swish,email,1,102.02,0.053,4,No,96.61294
O2025184,2025-03-14,C1194,consumer,new,north,uppsala,home,decor,card,email,1,68.91,0.152,3,No,58.43568
O2025185,2025-07-11,C1058,consumer,new,north,stockholm,fashion,shoes,card,organic,1,61.84,0.023,2,Yes,60.417680000000004
O2025186,2025-02-15,C1042,consumer,returning,north,uppsala,fashion,jackets,gift card,organic,1,92.96,0,3,No,92.96
O2025187,2025-05-01,C1229,corporate,returning,north,stockholm,fashion,sportswear,card,direct,4,64.37,0,3,No,257.48
O2025188,2025-06-09,C1242,small business,new,east,linkoping,beauty,makeup,paypal,organic,2,64.44,0.013,3,No,127.20456
O2025190,2025-11-15,C1041,consumer,returning,south,lund,electronics,mobile,swish,email,1,325.99,0.025,5,No,317.84025
O2025191,2025-08-04,C1186,corporate,returning,north,uppsala,fashion,sportswear,card,organic,1,59.94,0,1,No,59.94
O2025192,2025-12-28,C1043,corporate,new,west,halmstad,home,furniture,card,direct,2,1000.98,0.06,5,No,1881.8424
O2025193,2025-04-29,C1206,consumer,new,east,orebro,electronics,headphones,card,direct,1,140.21,0.079,5,No,129.13341000000003
O2025195,2025-03-08,C1176,small business,returning,north,stockholm,beauty,haircare,invoice,organic,1,39.29,0.113,1,Yes,34.850229999999996
O2025196,2025-12-18,C1142,small business,returning,south,helsingborg,fashion,accessories,invoice,paid search,2,58.48,0.002,3,No,116.72608
O2025197,2025-10-16,C1222,consumer,returning,east,linkoping,beauty,fragrance,card,social,1,12.25,0.024,3,No,11.956
O2025198,2025-05-02,C1020,consumer,returning,east,linkoping,home,kitchen,swish,email,2,184,0.17,4,No,305.44
O2025199,2025-11-21,C1113,small business,returning,south,lund,sports,fitness,card,email,1,158.55,0.111,6,No,140.95095
O2025200,2025-08-22,C1098,small business,returning,west,halmstad,electronics,laptop,invoice,social,1,1452.48,0.039,5,No,1395.83328
O2025202,2025-10-29,C1168,consumer,new,east,orebro,fashion,sportswear,card,organic,1,95.89,0.095,5,No,86.78045
O2025204,2025-07-16,C1188,small business,returning,north,uppsala,beauty,haircare,card,email,1,47.72,0.242,2,No,36.17176
O2025206,2025-02-17,C1121,small business,returning,north,stockholm,home,kitchen,gift card,organic,1,149.43,0.051,4,No,141.80907
O2025207,2025-07-31,C1086,consumer,returning,south,helsingborg,electronics,mobile,swish,social,1,408.49,0.09,4,No,371.7259
O2025208,2025-12-09,C1198,consumer,vip,south,helsingborg,home,decor,card,email,1,98.07,0.17,4,No,81.39809999999999
O2025210,2025-06-05,C1018,small business,returning,west,goteborg,home,lighting,swish,organic,1,263.84,0.048,2,No,251.17567999999997
O2025211,2025-02-23,C1223,corporate,returning,west,goteborg,electronics,mobile,card,organic,1,545.76,0.049,3,No,519.01776
O2025212,2025-08-07,C1121,small business,returning,north,stockholm,beauty,makeup,swish,social,1,62.54,0.077,2,No,57.72442
O2025213,2025-10-20,C1157,consumer,new,north,uppsala,sports,fitness,paypal,organic,4,158.72,0.082,3,No,582.81984
O2025214,2025-09-17,C1162,consumer,returning,south,helsingborg,fashion,sportswear,swish,organic,1,96.58,0.071,4,No,89.72282
O2025215,2025-04-17,C1050,consumer,returning,west,boras,fashion,accessories,card,organic,1,55.31,0.062,3,No,51.88078
O2025216,2025-10-24,C1238,small business,returning,west,goteborg,beauty,fragrance,card,organic,1,63.03,0.091,5,No,57.294270000000004
O2025217,2025-06-02,C1253,consumer,new,north,uppsala,sports,cycling,card,email,1,634.49,0.122,4,No,557.08222
O2025218,2025-04-16,C1180,corporate,returning,north,stockholm,sports,team sports,card,paid search,1,90.98,0.204,2,Yes,72.42008000000001
O2025219,2025-09-05,C1133,small business,vip,north,vasteras,beauty,skincare,paypal,email,1,67.18,0.076,2,No,62.07432000000001
O2025221,2025-10-20,C1071,consumer,returning,east,norrkoping,home,lighting,swish,organic,1,194.5,0.011,5,No,192.3605
O2025222,2025-01-24,C1059,small business,new,south,malmo,sports,outdoor,swish,paid search,1,264.1,0.121,3,No,232.14390000000003
O2025224,2025-01-12,C1163,corporate,returning,west,boras,electronics,mobile,invoice,paid search,1,261.97,0.12,6,No,230.53360000000004
O2025226,2025-03-17,C1006,consumer,vip,east,orebro,electronics,mobile,card,social,2,485.5,0.165,3,Yes,810.785
O2025227,2025-12-07,C1025,consumer,returning,north,uppsala,electronics,mobile,invoice,affiliate,1,460.43,0.152,4,No,390.44464
O2025228,2025-11-20,C1131,small business,returning,north,vasteras,beauty,makeup,card,email,1,38.29,0.08,3,No,35.2268
O2025229,2025-04-11,C1234,consumer,new,west,goteborg,beauty,haircare,swish,paid search,1,8,0.029,5,No,7.768
O2025230,2025-05-01,C1102,small business,returning,north,vasteras,home,furniture,invoice,paid search,1,581.41,0.108,3,No,518.61772
O2025231,2025-03-07,C1090,consumer,returning,west,goteborg,fashion,shoes,card,social,1,74,0.02,4,Yes,72.52
O2025232,2025-04-25,C1225,small business,returning,north,stockholm,fashion,sportswear,card,direct,1,94.24,0.078,4,No,86.88928
O2025233,2025-06-26,C1239,corporate,returning,south,helsingborg,electronics,headphones,card,paid search,1,149.63,0.077,6,No,138.10849
O2025234,2025-09-08,C1168,consumer,new,east,orebro,beauty,skincare,swish,social,1,26.09,0.071,5,No,24.23761
O2025235,2025-07-01,C1235,small business,returning,north,stockholm,sports,outdoor,swish,organic,1,187.57,0.042,2,Yes,179.69206
O2025236,2025-07-08,C1123,small business,returning,east,orebro,fashion,jackets,paypal,affiliate,2,208.21,0.012,4,No,411.42296
O2025237,2025-05-07,C1040,consumer,returning,east,linkoping,electronics,tablet,invoice,paid search,2,665.59,0,4,No,1331.18
O2025238,2025-11-17,C1257,consumer,returning,north,uppsala,electronics,laptop,card,organic,1,1153.88,0,3,No,1153.88
O2025239,2025-01-08,C1176,small business,returning,north,stockholm,home,lighting,card,organic,1,130.81,0.065,4,No,122.30735000000001
O2025240,2025-10-27,C1051,small business,vip,west,halmstad,fashion,jackets,swish,social,1,191.31,0.043,3,No,183.08366999999998
O2025241,2025-10-16,C1206,consumer,new,east,orebro,fashion,sportswear,card,paid search,1,106.83,0,3,No,106.83
O2025242,2025-04-18,C1146,corporate,new,north,uppsala,sports,fitness,swish,social,1,296.77,0.107,3,No,265.01561
O2025243,2025-11-02,C1076,consumer,new,east,norrkoping,fashion,jackets,card,social,2,114.71,0.078,4,No,211.52524
O2025244,2025-02-17,C1100,small business,new,west,goteborg,sports,fitness,swish,affiliate,1,465.16,0.132,6,No,403.75888000000003
O2025245,2025-02-15,C1256,consumer,new,north,uppsala,beauty,fragrance,swish,paid search,1,90.63,0.056,5,Yes,85.55471999999999
O2025246,2025-10-03,C1154,corporate,vip,west,goteborg,fashion,jackets,invoice,affiliate,1,153.55,0.093,3,No,139.26985000000002
O2025247,2025-01-02,C1042,consumer,returning,north,uppsala,sports,cycling,paypal,email,1,727.26,0.146,3,No,621.0800399999999
O2025248,2025-03-25,C1035,consumer,new,south,malmo,fashion,jackets,paypal,affiliate,4,238.12,0.156,2,No,803.89312
O2025249,2025-04-13,C1076,consumer,new,north,uppsala,fashion,accessories,invoice,social,1,41.66,0.02,4,No,40.8268
O2025250,2025-12-04,C1083,consumer,vip,north,vasteras,fashion,sportswear,card,social,2,97.43,0.059,2,No,183.36326000000003
O2025251,2025-08-07,C1100,small business,new,west,goteborg,home,decor,card,affiliate,1,79.21,0.179,5,No,65.03141
O2025252,2025-09-30,C1257,consumer,returning,north,uppsala,sports,outdoor,swish,email,1,228.21,0.016,2,No,224.55864
O2025253,2025-07-27,C1226,consumer,returning,north,vasteras,beauty,skincare,card,paid search,1,53.92,0.034,3,No,52.08672
O2025254,2025-06-09,C1064,consumer,vip,north,uppsala,home,furniture,paypal,social,1,458.81,0.198,4,No,367.96562
O2025255,2025-05-09,C1041,consumer,returning,south,lund,beauty,haircare,swish,affiliate,1,45.36,0.121,3,No,39.87144
O2025256,2025-08-15,C1237,small business,returning,south,malmo,electronics,headphones,invoice,email,2,134.35,0.029,5,No,260.9077
O2025257,2025-04-06,C1209,consumer,returning,north,stockholm,home,decor,swish,organic,2,64.34,0,4,No,128.68
O2025258,2025-01-12,C1111,corporate,returning,north,stockholm,electronics,tablet,card,email,1,669.12,0.122,3,Yes,587.48736
O2025259,2025-03-22,C1055,corporate,new,north,stockholm,beauty,skincare,card,organic,1,66.61,0.038,3,No,64.07882
O2025260,2025-09-05,C1219,consumer,new,west,goteborg,home,decor,invoice,email,2,83.76,0.127,4,No,146.24496000000002
O2025261,2025-01-01,C1044,consumer,returning,north,stockholm,fashion,shoes,invoice,direct,1,194.62,0.043,4,No,186.25134
O2025262,2025-03-09,C1162,consumer,returning,south,helsingborg,sports,fitness,card,organic,1,178.76,0,5,No,178.76
O2025264,2025-09-02,C1233,corporate,returning,west,halmstad,sports,team sports,invoice,social,3,75.42,0,3,No,226.26
O2025265,2025-10-12,C1207,consumer,new,north,stockholm,home,decor,invoice,direct,2,68.81,0.097,3,No,124.27086000000001
O2025266,2025-09-17,C1057,small business,vip,south,malmo,sports,outdoor,paypal,organic,1,240.34,0.108,6,No,214.38328
O2025267,2025-03-16,C1065,small business,new,north,uppsala,home,decor,swish,paid search,1,80.78,0.015,2,No,79.5683
O2025269,2025-03-23,C1087,consumer,returning,west,halmstad,fashion,accessories,swish,affiliate,3,49.02,0.258,5,Yes,109.11852
O2025270,2025-12-10,C1210,small business,new,north,uppsala,electronics,tablet,invoice,organic,2,439.43,0,2,Yes,878.86
O2025271,2025-12-05,C1090,consumer,returning,west,goteborg,home,decor,swish,paid search,1,80.54,0.056,5,No,76.02976
O2025272,2025-04-29,C1003,corporate,returning,north,stockholm,home,decor,invoice,social,1,96.38,0.068,5,No,89.82615999999999
O2025273,2025-03-07,C1218,consumer,vip,north,vasteras,electronics,mobile,card,paid search,1,453.85,0.155,7,No,383.50325
O2025274,2025-06-02,C1163,corporate,returning,west,boras,electronics,headphones,paypal,email,1,151.56,0,5,No,151.56
O2025275,2025-09-21,C1203,small business,returning,east,orebro,home,kitchen,swish,organic,1,171.97,0.033,6,No,166.29498999999998
O2025277,2025-07-05,C1220,consumer,returning,west,halmstad,electronics,laptop,card,social,2,1331.89,0,4,No,2663.78
O2025278,2025-01-03,C1089,consumer,returning,south,lund,home,kitchen,card,paid search,1,44.57,0.023,7,Yes,43.54489
O2025279,2025-07-25,C1151,consumer,returning,west,halmstad,electronics,tablet,swish,email,2,481,0.078,5,No,886.964
O2025280,2025-04-14,C1253,consumer,new,east,linkoping,beauty,fragrance,invoice,social,1,70.34,0.052,5,No,66.68232
O2025281,2025-09-29,C1080,consumer,new,north,stockholm,electronics,headphones,invoice,social,1,161.71,0.086,2,No,147.80294
O2025282,2025-03-12,C1137,consumer,new,west,boras,fashion,accessories,card,email,1,63.48,0.08,3,No,58.4016
O2025283,2025-05-22,C1171,small business,returning,west,halmstad,electronics,tablet,invoice,organic,1,525.1,0.051,4,Yes,498.3199
O2025284,2025-11-13,C1024,consumer,new,west,halmstad,fashion,sportswear,card,paid search,1,98.29,0,3,No,98.29
O2025285,2025-10-19,C1024,consumer,new,north,vasteras,fashion,shoes,card,organic,1,113.2,0.04,2,No,108.672
O2025286,2025-05-03,C1249,corporate,returning,west,goteborg,sports,fitness,card,direct,1,152.6,0.053,4,No,144.51219999999998
O2025287,2025-01-26,C1033,small business,returning,south,helsingborg,home,decor,card,paid search,1,95.04,0.005,5,No,94.5648
O2025288,2025-09-19,C1051,small business,vip,north,vasteras,electronics,mobile,card,organic,1,370.37,0.059,1,No,348.51817
O2025289,2025-03-21,C1018,small business,returning,west,goteborg,fashion,shoes,card,paid search,4,87.72,0.103,1,Yes,314.73936
O2025290,2025-12-28,C1173,corporate,new,west,halmstad,home,furniture,paypal,email,1,521.07,0.245,4,Yes,393.40785000000005
O2025291,2025-01-25,C1128,consumer,returning,north,stockholm,electronics,mobile,card,direct,1,467.42,0,4,No,467.42
O2025292,2025-08-12,C1211,consumer,new,north,uppsala,sports,outdoor,paypal,email,1,137.11,0.121,4,No,120.51969000000001
O2025293,2025-09-12,C1172,corporate,returning,east,norrkoping,beauty,makeup,card,paid search,1,49.73,0.08,5,No,45.751599999999996
O2025294,2025-07-06,C1138,consumer,new,south,lund,fashion,jackets,invoice,direct,2,168,0.037,3,No,323.568
O2025295,2025-05-03,C1095,corporate,new,west,halmstad,beauty,skincare,paypal,affiliate,1,40.08,0.131,3,No,34.829519999999995
O2025296,2025-09-02,C1110,corporate,returning,east,norrkoping,sports,team sports,swish,organic,1,63.96,0.049,6,No,60.825959999999995
O2025298,2025-06-03,C1043,corporate,new,west,halmstad,sports,outdoor,invoice,direct,1,209.84,0.012,4,Yes,207.32192
O2025299,2025-06-24,C1026,small business,returning,south,malmo,beauty,makeup,invoice,paid search,1,61.43,0.141,3,No,52.76837
O2025300,2025-03-10,C1153,consumer,new,north,stockholm,home,decor,swish,social,2,91.41,0.047,4,No,174.22745999999998
O2025302,2025-10-08,C1154,corporate,vip,west,goteborg,beauty,fragrance,swish,paid search,1,92.09,0.128,6,No,80.30248
O2025303,2025-01-19,C1111,corporate,returning,north,stockholm,fashion,jackets,swish,social,1,97.83,0.033,2,Yes,94.60161
O2025304,2025-01-08,C1013,consumer,returning,west,halmstad,home,kitchen,card,paid search,1,98.34,0.113,5,No,87.22758
O2025306,2025-06-14,C1185,small business,new,south,lund,fashion,shoes,gift card,social,1,67.45,0.021,3,No,66.03355
O2025308,2025-11-25,C1237,small business,returning,south,malmo,electronics,laptop,invoice,email,1,1304.43,0.134,4,Yes,1129.6363800000001
O2025309,2025-09-22,C1232,corporate,returning,north,uppsala,sports,fitness,swish,social,1,342.12,0.062,4,No,320.90855999999997
O2025310,2025-09-29,C1052,consumer,returning,west,boras,home,furniture,swish,organic,1,594.6,0.069,3,No,553.5726000000001
O2025311,2025-06-14,C1121,small business,returning,south,malmo,electronics,tablet,invoice,organic,2,692.4,0.037,3,Yes,1333.5623999999998
O2025312,2025-03-21,C1121,small business,returning,north,stockholm,electronics,headphones,invoice,direct,1,171.23,0.051,3,No,162.49727
O2025313,2025-02-19,C1123,small business,returning,east,orebro,sports,outdoor,swish,organic,2,162.29,0.006,3,No,322.63252
O2025315,2025-07-06,C1212,corporate,new,south,malmo,fashion,jackets,gift card,social,2,200.35,0.005,3,No,398.6965
O2025317,2025-04-16,C1235,small business,returning,north,stockholm,beauty,fragrance,card,organic,1,97.73,0.091,2,No,88.83657000000001
O2025318,2025-03-17,C1115,consumer,vip,east,orebro,fashion,jackets,card,direct,1,197.03,0.107,4,No,175.94779
O2025319,2025-09-09,C1046,corporate,new,north,stockholm,fashion,jackets,swish,organic,1,197.69,0.042,5,No,189.38701999999998
O2025320,2025-10-24,C1204,small business,new,west,goteborg,home,decor,card,organic,1,166.78,0.057,5,No,157.27354
O2025321,2025-10-28,C1098,small business,returning,west,halmstad,electronics,tablet,paypal,paid search,2,415.46,0.1,4,Yes,747.828
O2025322,2025-10-18,C1132,corporate,returning,west,boras,electronics,mobile,gift card,social,1,318.18,0.049,4,No,302.58918
O2025323,2025-02-15,C1115,consumer,vip,east,orebro,electronics,tablet,swish,direct,1,489.32,0.08,6,No,450.1744
O2025324,2025-08-17,C1192,corporate,returning,west,goteborg,fashion,sportswear,invoice,paid search,4,76.93,0.046,2,No,293.56488
O2025325,2025-08-29,C1228,small business,returning,west,halmstad,electronics,mobile,card,social,1,467.35,0.025,5,No,455.66625
O2025326,2025-10-11,C1083,consumer,vip,north,vasteras,fashion,shoes,swish,organic,3,93.77,0.084,2,No,257.67996
O2025327,2025-11-04,C1068,consumer,new,east,linkoping,home,decor,card,social,1,117.03,0.03,4,No,113.5191
O2025328,2025-07-05,C1005,small business,returning,west,goteborg,fashion,sportswear,card,direct,3,90.29,0.124,4,No,237.28212
O2025329,2025-08-06,C1058,consumer,new,north,stockholm,sports,fitness,invoice,organic,1,259.68,0.065,2,No,242.8008
O2025330,2025-03-29,C1059,small business,new,south,malmo,home,decor,card,organic,1,61.67,0.059,6,No,58.031470000000006
O2025332,2025-07-24,C1028,consumer,vip,east,norrkoping,home,kitchen,gift card,affiliate,1,134.34,0.14,6,No,115.5324
O2025333,2025-06-28,C1061,small business,returning,north,vasteras,fashion,jackets,card,paid search,1,132.47,0.048,5,No,126.11143999999999
O2025334,2025-11-12,C1039,consumer,returning,north,vasteras,fashion,sportswear,swish,email,1,102.55,0.144,1,No,87.7828
O2025335,2025-12-29,C1095,corporate,new,west,halmstad,beauty,haircare,swish,social,4,16.83,0,6,No,67.32
O2025336,2025-04-30,C1201,consumer,returning,west,halmstad,home,lighting,card,direct,1,190.55,0.047,6,No,181.59415
O2025337,2025-07-14,C1006,consumer,vip,east,orebro,sports,outdoor,invoice,social,1,157.49,0.118,3,No,138.90618
O2025338,2025-11-10,C1048,consumer,vip,north,uppsala,home,lighting,card,organic,1,157.23,0.113,5,No,139.46301
O2025339,2025-08-03,C1160,consumer,new,east,orebro,electronics,tablet,swish,affiliate,1,601.39,0.146,3,No,513.58706
O2025340,2025-11-03,C1060,small business,returning,north,vasteras,sports,cycling,card,paid search,2,381.18,0.096,3,No,689.17344
O2025341,2025-04-26,C1239,corporate,returning,east,linkoping,fashion,shoes,swish,organic,1,34.46,0.044,3,No,32.94376
O2025344,2025-08-30,C1183,small business,new,north,vasteras,electronics,laptop,card,paid search,2,1546.41,0.096,4,No,2795.9092800000003
O2025345,2025-09-29,C1255,consumer,returning,east,linkoping,sports,fitness,card,direct,2,258.35,0.108,3,No,460.8964
O2025346,2025-07-04,C1104,small business,returning,west,goteborg,fashion,shoes,invoice,email,1,76.06,0.071,1,No,70.65974
O2025347,2025-05-14,C1181,consumer,new,west,boras,beauty,fragrance,card,direct,1,61.18,0,2,No,61.18
O2025348,2025-03-21,C1143,corporate,vip,south,helsingborg,fashion,jackets,paypal,organic,1,174.56,0.112,3,Yes,155.00928000000002
O2025349,2025-08-20,C1161,small business,returning,west,boras,home,kitchen,card,paid search,1,123,0.058,5,Yes,115.866
O2025350,2025-03-13,C1221,consumer,returning,west,halmstad,electronics,laptop,invoice,organic,1,725.28,0.003,4,No,723.10416
O2025351,2025-09-10,C1238,small business,returning,west,goteborg,home,lighting,card,organic,2,188.24,0.028,6,No,365.93856
O2025352,2025-06-19,C1028,consumer,vip,east,norrkoping,electronics,mobile,card,paid search,1,463,0.138,5,No,399.106
O2025353,2025-12-09,C1088,consumer,new,south,malmo,home,decor,swish,email,1,92.96,0.107,1,Yes,83.01328
O2025354,2025-02-27,C1182,small business,returning,east,orebro,beauty,skincare,gift card,social,1,53.15,0,5,No,53.15
O2025355,2025-06-03,C1222,consumer,returning,east,linkoping,fashion,accessories,swish,email,2,56.41,0.109,6,No,100.52261999999999
O2025356,2025-03-31,C1231,corporate,new,north,uppsala,fashion,sportswear,card,email,1,77.16,0.114,2,No,68.36376
O2025357,2025-06-21,C1206,consumer,new,east,orebro,fashion,jackets,invoice,email,1,229.03,0.103,4,No,205.43991
O2025358,2025-11-25,C1048,consumer,vip,north,uppsala,fashion,accessories,card,affiliate,1,27.9,0.22,2,No,21.762
O2025359,2025-05-28,C1238,small business,returning,west,goteborg,home,lighting,card,organic,2,189.54,0.043,5,No,362.77955999999995
O2025360,2025-11-28,C1118,corporate,new,north,uppsala,electronics,tablet,paypal,social,1,405.33,0.004,2,No,403.70867999999996
O2025361,2025-01-11,C1094,consumer,returning,north,uppsala,beauty,skincare,paypal,organic,1,82.35,0.039,3,No,79.13834999999999
O2025362,2025-07-18,C1215,consumer,returning,north,stockholm,home,decor,swish,organic,1,61.38,0.022,4,Yes,60.02964
O2025363,2025-01-07,C1116,consumer,returning,north,uppsala,electronics,laptop,gift card,email,1,1241.74,0.153,5,No,1051.75378
O2025365,2025-02-19,C1259,consumer,returning,north,uppsala,beauty,skincare,card,organic,2,43.78,0.012,1,No,86.50928
O2025366,2025-01-30,C1106,consumer,returning,north,stockholm,fashion,jackets,gift card,paid search,1,132.84,0.106,3,No,118.75896
O2025367,2025-07-31,C1187,consumer,returning,north,vasteras,fashion,accessories,swish,social,2,49.03,0.057,2,No,92.47058
O2025369,2025-08-05,C1212,corporate,new,south,malmo,beauty,skincare,card,paid search,1,59.45,0.017,4,No,58.439350000000005
O2025371,2025-09-24,C1143,corporate,vip,south,helsingborg,beauty,makeup,card,social,1,51.79,0.067,1,No,48.32007
O2025372,2025-12-02,C1165,corporate,returning,south,lund,home,decor,card,paid search,1,89.21,0.043,5,No,85.37396999999999
O2025373,2025-09-11,C1155,corporate,new,south,helsingborg,fashion,shoes,card,affiliate,1,75.38,0.196,4,No,60.60552
O2025374,2025-04-28,C1058,consumer,new,north,stockholm,fashion,accessories,invoice,organic,2,32.25,0.041,2,No,61.8555
O2025375,2025-04-09,C1164,corporate,returning,east,linkoping,beauty,makeup,card,direct,2,28.21,0.063,2,No,52.86554
O2025377,2025-04-29,C1171,small business,returning,west,halmstad,electronics,laptop,swish,email,1,948.84,0.104,3,No,850.1606400000001
O2025378,2025-06-26,C1164,corporate,returning,east,linkoping,home,lighting,card,affiliate,1,189.03,0.06,7,No,177.6882
O2025379,2025-09-22,C1144,consumer,returning,north,uppsala,sports,team sports,swish,organic,2,133.52,0,1,No,267.04
O2025380,2025-12-09,C1061,small business,returning,north,vasteras,home,furniture,invoice,organic,1,838.79,0,3,Yes,838.79
O2025381,2025-05-12,C1003,corporate,returning,east,norrkoping,electronics,laptop,card,organic,1,1106.14,0.121,2,No,972.2970600000001
O2025382,2025-01-22,C1120,small business,new,north,stockholm,sports,outdoor,card,email,2,78.28,0.131,2,No,136.05064
O2025384,2025-12-17,C1122,corporate,new,east,orebro,fashion,jackets,card,organic,2,183.6,0.058,4,No,345.90239999999994
O2025385,2025-03-21,C1218,consumer,vip,north,vasteras,home,decor,card,social,1,48.32,0.077,4,No,44.599360000000004
O2025386,2025-06-28,C1156,consumer,new,west,goteborg,beauty,makeup,invoice,social,2,48.39,0.09,4,No,88.0698
O2025388,2025-07-11,C1056,small business,vip,north,stockholm,home,furniture,swish,organic,1,438.66,0.136,6,No,379.00224000000003
O2025389,2025-11-22,C1109,small business,returning,south,helsingborg,electronics,headphones,invoice,paid search,1,139.9,0.105,3,Yes,125.21050000000001
O2025390,2025-10-26,C1235,small business,returning,north,stockholm,beauty,makeup,card,email,1,76.34,0.098,4,No,68.85868
O2025391,2025-03-25,C1117,small business,returning,north,vasteras,beauty,haircare,swish,email,1,35.96,0.046,2,No,34.305839999999996
O2025392,2025-03-23,C1093,small business,returning,west,boras,home,furniture,card,direct,2,659.92,0.054,4,No,1248.56864
O2025393,2025-06-14,C1094,consumer,returning,north,uppsala,fashion,shoes,invoice,direct,2,129.66,0.063,3,No,242.98284
O2025394,2025-09-09,C1193,corporate,returning,north,uppsala,electronics,tablet,card,affiliate,1,588.59,0.006,3,No,585.0584600000001
O2025395,2025-01-31,C1030,small business,returning,north,stockholm,fashion,sportswear,card,social,1,91.39,0.028,2,No,88.83108
O2025396,2025-10-07,C1151,consumer,returning,west,halmstad,electronics,mobile,card,email,2,322.17,0.024,2,No,628.87584
O2025397,2025-12-22,C1130,consumer,vip,north,vasteras,beauty,skincare,paypal,email,1,70.9,0.1,1,No,63.81000000000001
O2025398,2025-10-10,C1125,small business,returning,east,norrkoping,home,furniture,card,organic,1,1005.61,0.038,7,No,967.3968199999999
O2025399,2025-08-29,C1080,consumer,new,north,stockholm,beauty,makeup,swish,email,3,48.08,0,1,No,144.24
O2025400,2025-04-02,C1032,consumer,returning,north,uppsala,sports,team sports,card,organic,2,107.58,0.011,3,No,212.79324
O2025401,2025-08-17,C1252,corporate,returning,north,uppsala,home,decor,paypal,organic,1,58.79,0.031,4,No,56.96751
O2025402,2025-04-25,C1148,consumer,returning,east,norrkoping,sports,cycling,card,direct,2,670.23,0.09,4,No,1219.8186
O2025403,2025-02-14,C1258,consumer,vip,west,halmstad,electronics,laptop,card,organic,1,940.36,0.156,5,Yes,793.6638399999999
O2025404,2025-11-25,C1117,small business,returning,north,vasteras,beauty,fragrance,card,email,1,45.83,0.085,4,No,41.93445
O2025405,2025-11-29,C1089,consumer,returning,south,lund,electronics,headphones,card,organic,1,242.54,0.007,5,No,240.84222
O2025406,2025-01-07,C1238,small business,returning,west,goteborg,home,lighting,card,organic,1,199.77,0.072,4,No,185.38656000000003
O2025407,2025-09-18,C1028,consumer,vip,east,norrkoping,fashion,jackets,card,organic,2,165.86,0.144,6,Yes,283.95232000000004
O2025408,2025-05-23,C1067,small business,returning,west,halmstad,sports,cycling,card,paid search,1,572.09,0.093,2,No,518.88563
O2025409,2025-11-16,C1227,consumer,new,north,stockholm,electronics,tablet,invoice,direct,1,314.55,0.01,3,No,311.4045
O2025410,2025-11-08,C1223,corporate,returning,west,goteborg,sports,team sports,gift card,social,2,68.73,0.015,1,No,135.3981
O2025411,2025-07-30,C1246,small business,returning,west,boras,sports,fitness,card,social,1,184.11,0.081,6,No,169.19709000000003
O2025413,2025-03-30,C1093,small business,returning,west,boras,home,decor,card,paid search,1,90.72,0.108,5,No,80.92224
O2025414,2025-02-18,C1102,small business,returning,east,linkoping,home,kitchen,card,direct,1,122.85,0.031,6,No,119.04164999999999
O2025415,2025-04-03,C1239,corporate,returning,south,helsingborg,home,decor,card,organic,2,59.99,0.055,6,No,113.3811
O2025416,2025-10-07,C1070,corporate,returning,south,malmo,home,lighting,card,paid search,1,219.82,0.116,2,No,194.32088
O2025417,2025-02-16,C1173,corporate,new,west,halmstad,beauty,makeup,paypal,direct,2,53.51,0,2,No,107.02
O2025418,2025-10-02,C1074,small business,new,east,linkoping,electronics,tablet,gift card,direct,1,446.92,0.012,6,No,441.55696
O2025419,2025-01-09,C1082,consumer,returning,north,stockholm,beauty,fragrance,card,social,1,85.8,0.097,5,No,77.4774
O2025420,2025-01-12,C1052,consumer,returning,west,boras,sports,fitness,card,social,1,121,0.076,4,No,111.804
O2025422,2025-06-19,C1067,small business,returning,west,halmstad,electronics,mobile,card,email,1,657.04,0.04,5,No,630.7583999999999
O2025423,2025-02-10,C1201,consumer,returning,west,halmstad,electronics,headphones,card,direct,1,208.82,0.137,4,No,180.21166
O2025424,2025-09-23,C1198,consumer,vip,east,orebro,fashion,sportswear,card,social,2,117.67,0.21,4,No,185.9186
O2025425,2025-12-13,C1095,corporate,new,west,halmstad,beauty,haircare,card,organic,1,40.9,0.083,4,No,37.5053
O2025427,2025-05-09,C1160,consumer,new,east,orebro,fashion,accessories,card,social,1,70.31,0.072,5,Yes,65.24768
O2025428,2025-04-27,C1210,small business,new,north,uppsala,electronics,tablet,gift card,organic,1,538.74,0.097,4,Yes,486.48222000000004
O2025429,2025-07-09,C1239,corporate,returning,south,helsingborg,fashion,shoes,card,organic,4,103.02,0,4,No,412.08
O2025432,2025-07-04,C1041,consumer,returning,south,lund,fashion,accessories,gift card,organic,1,67.91,0.029,2,No,65.94060999999999
O2025433,2025-08-14,C1148,consumer,returning,east,norrkoping,home,furniture,card,direct,1,813.21,0.087,3,No,742.46073
O2025434,2025-06-06,C1211,consumer,new,north,uppsala,beauty,haircare,card,social,2,37.84,0.041,1,No,72.57712000000001
O2025435,2025-01-06,C1155,corporate,new,south,helsingborg,fashion,accessories,card,social,4,20.35,0.03,2,No,78.958
O2025436,2025-04-16,C1160,consumer,new,east,orebro,beauty,skincare,card,social,1,43.72,0.08,7,Yes,40.2224
O2025437,2025-04-08,C1045,small business,returning,north,uppsala,home,decor,card,direct,1,70.27,0.059,4,No,66.12407
O2025438,2025-08-30,C1220,consumer,returning,west,halmstad,beauty,makeup,swish,social,2,23.97,0.046,3,No,45.734759999999994
O2025439,2025-09-27,C1186,corporate,returning,north,uppsala,fashion,shoes,swish,paid search,1,154.61,0.098,3,No,139.45822
O2025440,2025-04-18,C1062,consumer,vip,south,helsingborg,home,decor,card,paid search,1,121.92,0.105,4,No,109.11840000000001
O2025441,2025-06-06,C1144,consumer,returning,west,boras,sports,outdoor,swish,email,1,121,0.101,5,No,108.779
O2025442,2025-01-31,C1217,small business,new,north,uppsala,electronics,headphones,card,social,1,164.73,0.018,4,No,161.76486
O2025443,2025-06-11,C1021,consumer,returning,north,stockholm,fashion,shoes,card,organic,1,92.74,0.01,3,No,91.81259999999999
O2025444,2025-06-28,C1012,small business,returning,east,norrkoping,home,furniture,card,social,2,752.72,0,4,No,1505.44
O2025445,2025-10-18,C1072,consumer,new,north,vasteras,fashion,shoes,card,email,1,75.44,0.052,4,Yes,71.51711999999999
O2025446,2025-10-13,C1194,consumer,new,north,uppsala,electronics,laptop,card,social,1,920.23,0.047,4,No,876.97919
O2025447,2025-07-12,C1252,corporate,returning,north,uppsala,home,decor,card,direct,1,88.31,0,4,No,88.31
O2025448,2025-11-03,C1225,small business,returning,north,stockholm,electronics,headphones,card,organic,1,170.52,0.033,4,No,164.89284
O2025449,2025-08-02,C1022,small business,returning,west,halmstad,beauty,skincare,paypal,organic,2,62.41,0,2,No,124.82
O2025450,2025-01-17,C1025,consumer,returning,west,boras,home,decor,invoice,organic,2,45.9,0.037,5,No,88.40339999999999
O2025451,2025-12-18,C1178,consumer,vip,south,malmo,electronics,headphones,swish,organic,3,116.71,0.092,5,No,317.91804
O2025453,2025-10-01,C1040,consumer,returning,east,linkoping,fashion,sportswear,swish,social,3,87.54,0.044,4,No,251.06472
O2025454,2025-09-01,C1131,small business,returning,north,vasteras,beauty,skincare,card,organic,3,68.88,0.036,3,No,199.20095999999998
O2025455,2025-04-29,C1158,corporate,new,north,stockholm,fashion,jackets,swish,direct,1,231.44,0.079,1,No,213.15624
O2025456,2025-03-29,C1245,consumer,returning,west,halmstad,home,kitchen,card,direct,2,157.52,0.058,6,Yes,296.76768
O2025457,2025-09-10,C1184,small business,returning,north,vasteras,sports,team sports,paypal,paid search,4,128.89,0.028,1,No,501.12431999999995
O2025458,2025-02-01,C1252,corporate,returning,north,uppsala,fashion,sportswear,card,organic,2,74.65,0.027,3,No,145.2689
O2025459,2025-08-10,C1235,small business,returning,north,stockholm,home,lighting,invoice,paid search,1,155.23,0.038,5,No,149.33126
O2025460,2025-06-01,C1095,corporate,new,west,halmstad,fashion,shoes,invoice,social,1,92.22,0.049,4,Yes,87.70121999999999
O2025462,2025-11-05,C1134,consumer,returning,south,malmo,home,lighting,card,paid search,1,172.44,0,4,No,172.44
O2025463,2025-01-28,C1051,small business,vip,east,orebro,home,decor,gift card,direct,1,95.77,0.163,1,No,80.15948999999999
O2025464,2025-04-09,C1176,small business,returning,north,stockholm,electronics,tablet,invoice,affiliate,1,485.24,0.109,4,No,432.34884
O2025465,2025-06-21,C1156,consumer,new,west,halmstad,sports,cycling,card,social,1,412.91,0.095,3,No,373.68355
O2025467,2025-06-24,C1185,small business,new,south,lund,electronics,tablet,card,affiliate,1,604.34,0.169,3,No,502.20654
O2025468,2025-07-15,C1220,consumer,returning,west,goteborg,beauty,skincare,card,affiliate,1,44.28,0.108,3,No,39.49776
O2025469,2025-04-08,C1229,corporate,returning,north,stockholm,fashion,accessories,invoice,organic,1,61.66,0.045,3,No,58.885299999999994
O2025471,2025-07-02,C1213,consumer,returning,west,boras,beauty,skincare,card,email,4,37.12,0.085,3,No,135.8592
O2025472,2025-01-17,C1147,consumer,returning,west,boras,beauty,makeup,swish,organic,2,64.77,0.002,3,Yes,129.28091999999998
O2025473,2025-07-16,C1173,corporate,new,west,halmstad,fashion,sportswear,card,organic,1,111.59,0.029,4,Yes,108.35389
O2025474,2025-05-07,C1109,small business,returning,south,helsingborg,electronics,headphones,swish,email,1,66.58,0.252,4,No,49.80184
O2025475,2025-05-08,C1161,small business,returning,west,boras,home,kitchen,card,direct,1,40.85,0.039,3,No,39.25685
O2025476,2025-01-18,C1003,corporate,returning,east,norrkoping,fashion,accessories,card,social,2,55.99,0.063,4,No,104.92526000000001
O2025477,2025-12-15,C1125,small business,returning,east,norrkoping,sports,cycling,invoice,email,2,835.92,0.179,6,No,1372.58064
O2025478,2025-12-18,C1132,corporate,returning,west,boras,fashion,jackets,swish,paid search,1,139.62,0.136,4,No,120.63168
O2025479,2025-05-22,C1197,consumer,vip,north,uppsala,electronics,mobile,swish,organic,1,553.27,0.184,5,No,451.46832
O2025480,2025-08-17,C1134,consumer,returning,south,malmo,beauty,fragrance,card,organic,2,115.29,0.076,3,No,213.05592000000001
O2025481,2025-01-18,C1118,corporate,new,north,uppsala,electronics,tablet,card,email,2,519.66,0.126,4,Yes,908.36568
O2025484,2025-01-14,C1240,consumer,returning,south,lund,beauty,makeup,card,email,1,29.11,0.154,4,Yes,24.62706
O2025485,2025-01-11,C1047,consumer,returning,east,norrkoping,fashion,accessories,card,affiliate,1,27.58,0.115,5,Yes,24.408299999999997
O2025486,2025-08-17,C1245,consumer,returning,west,halmstad,fashion,shoes,card,social,1,46.18,0.082,7,No,42.39324
O2025487,2025-03-06,C1252,corporate,returning,north,uppsala,electronics,mobile,card,paid search,1,435.57,0,5,No,435.57
O2025488,2025-07-16,C1229,corporate,returning,north,stockholm,electronics,tablet,card,organic,1,720.99,0.045,5,No,688.54545
O2025489,2025-01-27,C1198,consumer,vip,south,helsingborg,electronics,headphones,swish,email,1,156.3,0.05,3,No,148.485
O2025490,2025-11-12,C1132,corporate,returning,south,malmo,electronics,mobile,card,email,1,362.23,0,5,No,362.23
O2025491,2025-04-15,C1225,small business,returning,north,stockholm,electronics,mobile,invoice,social,1,613.61,0.049,3,No,583.54311
O2025492,2025-09-25,C1238,small business,returning,west,goteborg,sports,outdoor,card,paid search,1,176.81,0.105,4,Yes,158.24495000000002
O2025493,2025-09-21,C1078,small business,returning,south,helsingborg,fashion,sportswear,swish,direct,1,119.81,0,3,No,119.81
O2025494,2025-08-30,C1255,consumer,returning,east,linkoping,home,lighting,card,social,1,49.89,0.098,6,Yes,45.00078
O2025495,2025-06-06,C1253,consumer,new,north,uppsala,sports,cycling,card,social,1,831.48,0,1,No,831.48
O2025496,2025-03-20,C1035,consumer,new,south,malmo,fashion,sportswear,card,organic,1,69.49,0.12,3,No,61.151199999999996
O2025497,2025-01-17,C1080,consumer,new,north,stockholm,electronics,headphones,card,email,1,165.97,0.048,4,No,158.00343999999998
O2025498,2025-05-06,C1099,consumer,returning,north,vasteras,home,kitchen,card,organic,1,148.77,0,2,No,148.77
O2025500,2025-10-27,C1058,consumer,new,north,stockholm,electronics,headphones,swish,paid search,1,288.72,0.006,3,No,286.98768
O2025501,2025-06-03,C1037,consumer,vip,west,boras,beauty,skincare,swish,email,3,72.97,0.085,2,No,200.30265
O2025502,2025-04-18,C1237,small business,returning,south,malmo,fashion,sportswear,card,direct,1,69.81,0.046,3,No,66.59873999999999
O2025504,2025-01-11,C1170,consumer,returning,west,halmstad,electronics,headphones,card,email,1,171.49,0.012,5,No,169.43212
O2025505,2025-03-18,C1251,small business,returning,west,boras,beauty,haircare,card,direct,3,39.26,0.078,3,No,108.59316000000001
O2025506,2025-09-20,C1198,consumer,vip,south,helsingborg,electronics,laptop,swish,organic,1,1025.26,0.061,4,No,962.71914
O2025507,2025-01-25,C1090,consumer,returning,west,goteborg,electronics,laptop,invoice,social,2,1171.65,0.021,6,No,2294.0907
O2025508,2025-11-05,C1166,consumer,new,south,helsingborg,home,decor,card,paid search,2,118.15,0.01,7,No,233.937
O2025509,2025-01-25,C1064,consumer,vip,north,uppsala,beauty,makeup,card,email,1,31.73,0.023,2,No,31.00021
O2025510,2025-07-05,C1137,consumer,new,west,boras,beauty,fragrance,gift card,social,1,72.48,0,3,No,72.48
O2025511,2025-02-07,C1198,consumer,vip,south,helsingborg,home,lighting,invoice,paid search,1,122.57,0.078,5,No,113.00954
O2025512,2025-07-02,C1112,small business,returning,north,stockholm,home,furniture,swish,paid search,1,975.74,0.064,3,No,913.29264
O2025514,2025-04-19,C1159,consumer,returning,south,malmo,home,furniture,card,organic,1,946.64,0.04,6,Yes,908.7743999999999
O2025515,2025-05-18,C1156,consumer,new,west,goteborg,sports,outdoor,card,organic,1,117.43,0.039,3,No,112.85023
O2025516,2025-02-26,C1030,small business,returning,north,stockholm,electronics,headphones,swish,organic,1,288.82,0.069,5,No,268.89142
O2025517,2025-12-06,C1040,consumer,returning,east,linkoping,electronics,mobile,swish,paid search,1,301.97,0.054,4,Yes,285.66362000000004
O2025518,2025-11-17,C1073,small business,new,north,vasteras,fashion,shoes,card,paid search,1,102.91,0.097,7,No,92.92773
O2025519,2025-02-14,C1131,small business,returning,north,vasteras,beauty,skincare,swish,affiliate,1,65.14,0.031,3,No,63.12066
O2025520,2025-07-29,C1132,corporate,returning,west,boras,sports,outdoor,card,paid search,1,151.75,0.042,2,No,145.3765
O2025521,2025-02-06,C1188,small business,returning,north,uppsala,sports,team sports,invoice,email,2,73.47,0.159,6,No,123.57654
O2025522,2025-03-24,C1207,consumer,new,north,stockholm,beauty,makeup,swish,organic,1,66.32,0.062,5,No,62.20815999999999
O2025523,2025-09-11,C1196,consumer,vip,west,boras,beauty,fragrance,swish,organic,4,71.94,0.134,7,No,249.20015999999998
O2025524,2025-09-26,C1170,consumer,returning,west,halmstad,electronics,headphones,invoice,paid search,2,189.88,0,1,No,379.76
O2025525,2025-01-25,C1085,small business,returning,west,halmstad,beauty,fragrance,invoice,organic,1,92.93,0.088,4,No,84.75216
O2025526,2025-10-10,C1202,small business,returning,south,helsingborg,electronics,mobile,card,social,1,668.45,0.032,5,No,647.0596
O2025527,2025-05-11,C1011,small business,returning,east,linkoping,home,furniture,card,paid search,1,693.09,0.053,8,No,656.35623
O2025528,2025-12-31,C1199,small business,returning,north,vasteras,electronics,mobile,swish,paid search,1,365.95,0.077,1,No,337.77185000000003
O2025529,2025-09-19,C1134,consumer,returning,south,malmo,beauty,fragrance,paypal,email,1,49.89,0.189,2,Yes,40.460789999999996
O2025530,2025-01-13,C1208,consumer,returning,north,stockholm,beauty,skincare,card,organic,1,54.82,0.087,1,No,50.05066
O2025531,2025-08-07,C1113,small business,returning,south,lund,fashion,sportswear,invoice,social,1,84.93,0.03,2,No,82.38210000000001
O2025532,2025-07-03,C1059,small business,new,south,malmo,sports,cycling,invoice,affiliate,3,617.05,0.182,3,No,1514.2407
O2025533,2025-09-29,C1066,consumer,vip,east,orebro,fashion,sportswear,swish,paid search,1,131.61,0.182,4,Yes,107.65698000000002
O2025534,2025-01-30,C1102,small business,returning,north,vasteras,electronics,laptop,card,direct,1,1373.22,0.064,4,No,1285.33392
O2025535,2025-05-31,C1066,consumer,vip,west,goteborg,electronics,mobile,card,affiliate,1,365.57,0.136,3,No,315.85248
O2025536,2025-12-26,C1064,consumer,vip,north,uppsala,electronics,mobile,card,paid search,2,374.95,0.168,3,Yes,623.9168
O2025538,2025-04-06,C1194,consumer,new,north,uppsala,electronics,laptop,card,direct,1,1038.1,0.026,6,No,1011.1093999999999
O2025539,2025-07-03,C1136,consumer,returning,west,halmstad,home,furniture,card,paid search,2,972.32,0.068,5,No,1812.40448
O2025540,2025-08-07,C1243,consumer,returning,east,linkoping,sports,outdoor,card,affiliate,1,277.58,0.145,4,No,237.33089999999999
O2025542,2025-11-22,C1082,consumer,returning,north,stockholm,beauty,makeup,card,paid search,1,59.29,0.08,4,No,54.546800000000005
O2025543,2025-01-10,C1072,consumer,new,north,vasteras,electronics,laptop,gift card,social,1,1388.17,0.096,2,No,1254.90568
O2025544,2025-09-21,C1113,small business,returning,south,lund,fashion,shoes,card,affiliate,1,133.78,0.098,4,No,120.66956
O2025545,2025-08-17,C1192,corporate,returning,west,goteborg,fashion,jackets,card,email,1,163.7,0.138,3,Yes,141.1094
O2025546,2025-06-14,C1065,small business,new,north,uppsala,fashion,jackets,swish,affiliate,2,147.45,0.17,1,Yes,244.76699999999997
O2025547,2025-12-01,C1155,corporate,new,south,helsingborg,home,kitchen,card,organic,1,101.67,0,3,No,101.67
O2025548,2025-08-07,C1200,consumer,returning,north,uppsala,electronics,laptop,card,direct,1,1064.57,0.051,2,No,1010.2769299999999
O2025549,2025-04-14,C1107,consumer,vip,south,malmo,electronics,laptop,swish,email,2,968.95,0.07,6,No,1802.247
O2025550,2025-08-04,C1069,consumer,returning,west,halmstad,fashion,jackets,card,paid search,1,102.78,0.101,2,No,92.39922
O2025551,2025-07-03,C1187,consumer,returning,north,vasteras,home,decor,card,paid search,1,87.04,0.04,4,No,83.5584
O2025552,2025-08-14,C1090,consumer,returning,west,goteborg,sports,outdoor,swish,paid search,1,181.99,0.043,2,No,174.16443
O2025553,2025-06-27,C1105,consumer,vip,west,halmstad,fashion,sportswear,gift card,paid search,2,80.99,0.155,4,Yes,136.8731
O2025554,2025-05-19,C1164,corporate,returning,east,linkoping,electronics,laptop,card,social,1,903.43,0,6,No,903.43
O2025557,2025-02-04,C1187,consumer,returning,north,vasteras,fashion,sportswear,gift card,organic,1,78.86,0.063,1,No,73.89182000000001
O2025558,2025-01-30,C1120,small business,new,north,stockholm,home,kitchen,card,organic,1,76.55,0.03,5,Yes,74.25349999999999
O2025559,2025-02-01,C1084,corporate,vip,east,linkoping,home,kitchen,swish,paid search,1,106.99,0.207,4,No,84.84307
O2025560,2025-07-08,C1036,consumer,new,north,stockholm,electronics,mobile,card,organic,1,516.16,0.024,4,No,503.77216
O2025561,2025-09-23,C1243,consumer,returning,east,linkoping,fashion,accessories,card,social,1,44.3,0.017,2,No,43.546899999999994
O2025562,2025-04-07,C1026,small business,returning,south,malmo,electronics,mobile,invoice,email,1,212.76,0.08,2,No,195.7392
O2025563,2025-08-25,C1212,corporate,new,south,malmo,sports,team sports,swish,social,1,53.95,0.099,4,No,48.60895000000001
O2025564,2025-12-27,C1023,consumer,returning,north,uppsala,sports,outdoor,card,paid search,2,238.72,0.1,3,No,429.696
O2025565,2025-02-09,C1080,consumer,new,north,stockholm,home,kitchen,swish,social,1,104.49,0.026,3,Yes,101.77326
O2025566,2025-09-21,C1227,consumer,new,north,stockholm,fashion,jackets,swish,email,1,273.55,0.03,4,No,265.3435
O2025567,2025-11-02,C1231,corporate,new,north,uppsala,beauty,makeup,card,paid search,1,30.69,0.015,1,No,30.22965
O2025568,2025-02-13,C1075,consumer,vip,north,stockholm,fashion,jackets,invoice,paid search,1,187.78,0.095,5,No,169.9409
O2025569,2025-09-26,C1201,consumer,returning,west,halmstad,home,lighting,card,affiliate,1,153.84,0.073,6,No,142.60968
O2025570,2025-12-14,C1011,small business,returning,east,linkoping,sports,team sports,card,paid search,1,96.5,0.072,3,No,89.552
O2025571,2025-01-27,C1066,consumer,vip,west,goteborg,fashion,sportswear,paypal,email,2,119.66,0.021,1,No,234.29428
O2025572,2025-10-18,C1134,consumer,returning,south,malmo,beauty,haircare,card,organic,1,21.34,0.054,3,No,20.18764
O2025573,2025-08-04,C1001,consumer,vip,west,halmstad,home,lighting,invoice,organic,1,143.61,0,1,No,143.61
O2025574,2025-12-20,C1240,consumer,returning,south,lund,fashion,jackets,paypal,social,1,169.12,0.04,2,No,162.3552
O2025575,2025-06-16,C1032,consumer,returning,north,uppsala,fashion,shoes,swish,direct,2,112.67,0.017,3,No,221.50922
O2025576,2025-02-07,C1255,consumer,returning,east,linkoping,home,lighting,card,direct,1,153.19,0.005,5,No,152.42405
O2025577,2025-01-28,C1099,consumer,returning,north,vasteras,electronics,tablet,card,organic,1,518.54,0,3,No,518.54
O2025578,2025-08-02,C1229,corporate,returning,north,stockholm,fashion,accessories,card,organic,2,43.61,0.025,1,No,85.0395
O2025579,2025-10-25,C1059,small business,new,south,malmo,electronics,laptop,card,affiliate,2,890.92,0.102,4,No,1600.09232
O2025580,2025-12-15,C1055,corporate,new,north,stockholm,home,kitchen,swish,affiliate,1,54.81,0.075,4,No,50.699250000000006
O2025581,2025-04-14,C1087,consumer,returning,west,halmstad,electronics,tablet,card,organic,1,412.88,0.01,4,No,408.7512
O2025582,2025-05-04,C1041,consumer,returning,south,lund,beauty,makeup,swish,paid search,1,41.43,0.06,3,No,38.944199999999995
O2025583,2025-11-20,C1059,small business,new,south,malmo,home,decor,gift card,email,2,133.89,0.146,7,No,228.68411999999998
O2025584,2025-01-03,C1113,small business,returning,south,lund,sports,outdoor,swish,email,1,166.35,0.089,1,No,151.54485
O2025585,2025-10-21,C1040,consumer,returning,east,linkoping,sports,fitness,card,social,1,140.66,0.048,6,No,133.90832
O2025586,2025-10-07,C1054,consumer,vip,north,stockholm,beauty,haircare,paypal,social,1,41.39,0.2,2,No,33.112
O2025587,2025-12-29,C1152,consumer,returning,north,vasteras,fashion,jackets,card,social,3,136.85,0.053,2,No,388.7908499999999
O2025588,2025-10-19,C1067,small business,returning,west,halmstad,fashion,accessories,gift card,organic,1,46.14,0.004,2,No,45.95544
O2025589,2025-11-03,C1113,small business,returning,south,lund,home,furniture,card,email,1,711.36,0.076,4,No,657.29664
O2025590,2025-01-25,C1179,consumer,returning,east,orebro,sports,cycling,swish,direct,3,698.9,0.016,5,Yes,2063.1528
O2025591,2025-07-16,C1255,consumer,returning,east,linkoping,home,decor,invoice,social,1,80.49,0.024,5,No,78.55824
O2025592,2025-07-18,C1140,small business,returning,west,halmstad,sports,team sports,invoice,organic,1,30.43,0.046,4,Yes,29.03022
O2025593,2025-04-11,C1190,small business,returning,east,norrkoping,electronics,mobile,card,organic,3,482.68,0,8,No,1448.04
O2025595,2025-11-05,C1002,small business,new,south,lund,fashion,shoes,invoice,affiliate,1,111.71,0.135,3,No,96.62915
O2025596,2025-05-24,C1236,small business,new,east,orebro,electronics,tablet,invoice,organic,2,671.53,0.015,6,No,1322.9141
O2025598,2025-07-15,C1159,consumer,returning,south,malmo,sports,fitness,paypal,direct,1,229,0.063,4,No,214.573
O2025599,2025-02-01,C1225,small business,returning,north,stockholm,home,furniture,gift card,social,2,724.76,0.026,2,No,1411.83248
O2025600,2025-05-26,C1167,small business,new,south,helsingborg,fashion,shoes,card,paid search,1,96.3,0.043,4,No,92.1591
O2025601,2025-11-17,C1060,small business,returning,north,vasteras,home,kitchen,paypal,organic,1,89.17,0.057,2,No,84.08731
O2025602,2025-03-16,C1012,small business,returning,south,helsingborg,sports,team sports,card,paid search,1,124.19,0.101,5,No,111.64681
O2025603,2025-06-07,C1093,small business,returning,west,boras,home,lighting,paypal,organic,1,97.44,0.023,5,No,95.19888
O2025604,2025-11-26,C1062,consumer,vip,south,helsingborg,fashion,shoes,card,email,1,172.68,0.103,3,No,154.89396000000002
O2025606,2025-09-16,C1109,small business,returning,south,helsingborg,electronics,mobile,card,direct,1,356.53,0.001,3,No,356.17346999999995
O2025607,2025-04-19,C1142,small business,returning,south,helsingborg,electronics,tablet,card,email,1,653.45,0.069,3,No,608.3619500000001
O2025608,2025-12-16,C1060,small business,returning,north,vasteras,electronics,tablet,card,email,1,392.05,0.043,1,No,375.19185
O2025610,2025-12-31,C1005,small business,returning,west,goteborg,fashion,sportswear,card,social,1,80.52,0.013,4,No,79.47323999999999
O2025611,2025-06-12,C1053,consumer,new,west,boras,fashion,shoes,invoice,email,1,77.02,0.033,4,No,74.47833999999999
O2025612,2025-02-05,C1140,small business,returning,west,boras,beauty,skincare,card,social,2,46.46,0.044,3,No,88.83152
O2025613,2025-06-23,C1093,small business,returning,west,boras,beauty,makeup,card,organic,2,64.97,0.057,2,No,122.53341999999999
O2025616,2025-07-28,C1071,consumer,returning,east,norrkoping,sports,cycling,invoice,email,1,509.81,0.049,4,No,484.82930999999996
O2025617,2025-05-14,C1236,small business,new,east,orebro,beauty,skincare,card,affiliate,2,44.22,0.097,4,Yes,79.86132
O2025618,2025-07-20,C1048,consumer,vip,north,uppsala,sports,team sports,card,social,1,86.6,0.121,3,Yes,76.1214
O2025619,2025-01-28,C1130,consumer,vip,south,lund,electronics,laptop,paypal,direct,1,460.02,0.162,6,No,385.49676
O2025620,2025-06-11,C1182,small business,returning,west,boras,sports,team sports,card,email,2,84.05,0.18,5,No,137.842
O2025621,2025-07-07,C1243,consumer,returning,east,linkoping,home,furniture,card,email,2,706.74,0,7,No,1413.48
O2025623,2025-07-05,C1124,consumer,new,north,vasteras,fashion,accessories,paypal,organic,1,63.53,0.022,3,No,62.13234
O2025624,2025-08-20,C1177,small business,returning,east,linkoping,home,decor,card,direct,2,79.88,0,4,No,159.76
O2025625,2025-04-28,C1255,consumer,returning,west,halmstad,beauty,makeup,card,organic,2,58.44,0.036,2,No,112.67231999999998
O2025626,2025-12-23,C1170,consumer,returning,south,malmo,home,decor,card,paid search,1,107.69,0.079,7,No,99.18249
O2025627,2025-11-06,C1083,consumer,vip,north,vasteras,beauty,makeup,paypal,social,2,39.26,0.16,2,No,65.9568
O2025628,2025-05-28,C1155,corporate,new,south,helsingborg,beauty,skincare,swish,direct,1,49.71,0.034,4,No,48.01986
O2025629,2025-07-07,C1111,corporate,returning,north,stockholm,sports,team sports,card,affiliate,1,90,0.181,5,No,73.71
O2025630,2025-07-20,C1083,consumer,vip,north,vasteras,electronics,headphones,paypal,direct,1,250.41,0.146,2,No,213.85013999999998
O2025631,2025-02-20,C1148,consumer,returning,east,norrkoping,fashion,accessories,gift card,paid search,1,45.12,0.108,2,Yes,40.24704
O2025632,2025-09-21,C1237,small business,returning,south,malmo,sports,cycling,card,email,1,750.18,0.052,4,No,711.1706399999999
O2025633,2025-09-11,C1253,consumer,new,north,uppsala,sports,fitness,invoice,organic,2,255.53,0.015,4,No,503.3941
O2025634,2025-09-11,C1243,consumer,returning,east,linkoping,fashion,sportswear,gift card,paid search,1,86.5,0.05,5,No,82.175
O2025636,2025-10-17,C1006,consumer,vip,east,orebro,fashion,jackets,card,organic,1,142.26,0.132,3,No,123.48168
O2025637,2025-09-03,C1077,consumer,new,north,stockholm,beauty,haircare,invoice,organic,1,20.44,0.078,3,No,18.84568
O2025638,2025-10-09,C1132,corporate,returning,west,boras,fashion,accessories,card,social,2,51.47,0.1,3,Yes,92.646
O2025640,2025-11-26,C1030,small business,returning,north,stockholm,fashion,jackets,card,email,2,140.65,0.118,3,No,248.10660000000001
O2025641,2025-02-25,C1000,small business,returning,east,linkoping,fashion,jackets,paypal,affiliate,1,203.51,0.087,6,No,185.80463
O2025642,2025-11-10,C1167,small business,new,south,helsingborg,sports,outdoor,card,affiliate,1,155.54,0.116,5,Yes,137.49736
O2025643,2025-11-09,C1075,consumer,vip,north,stockholm,home,kitchen,invoice,email,2,119.43,0.119,6,No,210.43566
O2025645,2025-02-03,C1136,consumer,returning,west,halmstad,home,decor,gift card,email,1,52.47,0.076,6,No,48.48228
O2025646,2025-12-26,C1062,consumer,vip,south,helsingborg,fashion,sportswear,card,social,1,85.32,0.119,3,No,75.16691999999999
O2025648,2025-10-16,C1034,small business,returning,west,boras,sports,cycling,swish,paid search,1,342.61,0.121,1,No,301.15419
O2025650,2025-06-13,C1178,consumer,vip,south,malmo,sports,outdoor,swish,social,1,180.19,0.044,4,No,172.26164
O2025653,2025-10-17,C1233,corporate,returning,west,halmstad,fashion,jackets,swish,paid search,1,138.69,0.056,4,No,130.92336
O2025654,2025-11-05,C1021,consumer,returning,north,stockholm,electronics,mobile,card,direct,1,450.79,0.021,2,No,441.32341
O2025655,2025-08-25,C1022,small business,returning,west,halmstad,home,furniture,invoice,social,1,641.41,0.031,1,No,621.5262899999999
O2025656,2025-11-28,C1099,consumer,returning,north,vasteras,fashion,shoes,invoice,email,3,78.33,0.189,2,No,190.57689
O2025657,2025-01-28,C1092,consumer,returning,east,norrkoping,beauty,skincare,card,direct,1,29.87,0.062,1,No,28.01806
O2025658,2025-10-13,C1254,small business,returning,east,orebro,electronics,tablet,swish,email,1,509.03,0.042,7,No,487.6507399999999
O2025659,2025-12-06,C1074,small business,new,east,linkoping,electronics,mobile,card,paid search,1,348.17,0.092,1,No,316.13836000000003
O2025660,2025-02-20,C1055,corporate,new,north,stockholm,electronics,mobile,card,paid search,1,442.35,0.086,3,No,404.3079
O2025663,2025-09-10,C1100,small business,new,west,goteborg,fashion,accessories,swish,direct,1,42.23,0.126,3,No,36.90902
O2025665,2025-12-22,C1086,consumer,returning,south,helsingborg,electronics,laptop,paypal,paid search,1,1314.94,0.076,5,No,1215.00456
O2025667,2025-08-02,C1062,consumer,vip,south,helsingborg,sports,outdoor,gift card,email,1,237.12,0.098,6,No,213.88224
O2025668,2025-05-01,C1187,consumer,returning,north,vasteras,beauty,makeup,invoice,email,1,28.32,0.086,3,No,25.88448
O2025669,2025-10-11,C1111,corporate,returning,north,stockholm,electronics,mobile,card,affiliate,1,467.46,0.138,5,No,402.95052
O2025670,2025-11-02,C1060,small business,returning,north,vasteras,sports,team sports,swish,direct,1,95.4,0,1,No,95.4
O2025671,2025-05-25,C1079,consumer,vip,east,linkoping,beauty,skincare,paypal,social,1,70.73,0.11,4,No,62.94970000000001
O2025672,2025-08-24,C1222,consumer,returning,east,linkoping,fashion,shoes,gift card,paid search,1,81.55,0.113,4,No,72.33485
O2025673,2025-07-09,C1254,small business,returning,east,orebro,electronics,headphones,swish,organic,1,217.29,0.025,4,No,211.85774999999998
O2025674,2025-08-13,C1060,small business,returning,north,vasteras,electronics,mobile,paypal,organic,1,664.65,0.083,3,No,609.48405
O2025675,2025-03-24,C1242,small business,new,east,linkoping,electronics,laptop,card,organic,1,1248.85,0,3,No,1248.85
O2025676,2025-10-01,C1144,consumer,returning,north,uppsala,beauty,makeup,invoice,direct,2,47.7,0,2,No,95.4
O2025678,2025-03-13,C1240,consumer,returning,south,lund,beauty,fragrance,card,paid search,1,90.69,0.063,2,No,84.97653
O2025680,2025-08-09,C1178,consumer,vip,south,malmo,fashion,accessories,card,organic,4,75.78,0.073,3,No,280.99224000000004
O2025681,2025-03-13,C1060,small business,returning,north,vasteras,home,kitchen,card,organic,1,146.35,0.109,3,No,130.39785
O2025682,2025-09-03,C1047,consumer,returning,east,norrkoping,fashion,shoes,swish,organic,1,115.12,0.036,4,No,110.97568
O2025683,2025-07-28,C1029,consumer,vip,west,halmstad,home,lighting,paypal,social,1,130.76,0.054,5,No,123.69895999999999
O2025684,2025-02-24,C1134,consumer,returning,south,malmo,electronics,laptop,card,direct,1,1148.5,0.008,4,No,1139.312
O2025685,2025-06-13,C1186,corporate,returning,north,uppsala,fashion,jackets,swish,direct,3,127.52,0.086,5,Yes,349.65984000000003
O2025686,2025-09-23,C1221,consumer,returning,west,halmstad,home,lighting,paypal,email,1,190.72,0.113,5,No,169.16864
O2025687,2025-10-24,C1040,consumer,returning,east,linkoping,fashion,shoes,invoice,direct,1,53.05,0.051,6,No,50.344449999999995
O2025688,2025-04-28,C1135,consumer,returning,north,stockholm,home,lighting,gift card,email,2,15.15,0.16,4,Yes,25.451999999999998
O2025689,2025-01-22,C1129,small business,new,south,lund,electronics,tablet,swish,organic,2,763.02,0.002,6,Yes,1522.98792
O2025691,2025-04-28,C1253,consumer,new,north,uppsala,home,decor,card,direct,1,147,0.089,2,No,133.917
O2025692,2025-05-16,C1028,consumer,vip,east,norrkoping,electronics,headphones,card,email,1,155.85,0.172,5,No,129.0438
O2025693,2025-09-29,C1002,small business,new,south,lund,home,lighting,swish,email,1,159.2,0.09,3,No,144.87199999999999
O2025694,2025-09-03,C1197,consumer,vip,north,uppsala,sports,team sports,paypal,direct,2,22.22,0.157,2,No,37.46292
O2025695,2025-12-27,C1053,consumer,new,west,boras,beauty,skincare,invoice,organic,1,68.59,0.019,2,No,67.28679
O2025696,2025-11-14,C1196,consumer,vip,west,boras,fashion,shoes,invoice,organic,2,85.93,0.055,2,No,162.4077
O2025697,2025-04-14,C1178,consumer,vip,south,malmo,electronics,mobile,swish,paid search,1,488.3,0.169,2,No,405.77729999999997
O2025698,2025-05-27,C1079,consumer,vip,east,linkoping,electronics,headphones,swish,direct,1,203.54,0.175,5,No,167.92049999999998
O2025699,2025-02-11,C1175,corporate,returning,west,halmstad,beauty,skincare,card,paid search,1,44.66,0.105,6,Yes,39.9707
O2025700,2025-02-28,C1079,consumer,vip,east,linkoping,electronics,tablet,card,organic,1,453.82,0.115,5,No,401.6307
O2025701,2025-03-12,C1217,small business,new,north,uppsala,fashion,accessories,card,email,1,20.8,0.092,1,No,18.886400000000002
O2025702,2025-07-01,C1147,consumer,returning,west,boras,sports,outdoor,card,social,1,309.48,0.084,2,No,283.48368000000005
O2025703,2025-11-15,C1255,consumer,returning,east,linkoping,fashion,accessories,swish,direct,1,52.46,0.026,3,No,51.09604
O2025704,2025-03-03,C1177,small business,returning,east,linkoping,fashion,accessories,swish,organic,1,53.88,0.056,3,No,50.86272
O2025705,2025-01-21,C1024,consumer,new,west,halmstad,beauty,haircare,swish,paid search,3,56.32,0.099,1,No,152.23296000000002
O2025706,2025-08-28,C1045,small business,returning,east,linkoping,fashion,sportswear,paypal,affiliate,2,81.71,0.125,4,No,142.99249999999998
O2025707,2025-10-06,C1002,small business,new,south,lund,beauty,makeup,card,social,1,41.82,0.002,2,Yes,41.73636
O2025709,2025-01-29,C1092,consumer,returning,east,norrkoping,fashion,sportswear,card,paid search,1,91,0.011,4,No,89.999
O2025710,2025-10-17,C1006,consumer,vip,east,orebro,home,decor,card,affiliate,1,77.32,0.156,6,No,65.25807999999999
O2025711,2025-10-17,C1097,consumer,vip,east,orebro,beauty,fragrance,card,social,1,98.18,0.087,5,No,89.63834000000001
O2025712,2025-11-24,C1157,consumer,new,north,uppsala,electronics,mobile,swish,organic,1,411.26,0.022,5,No,402.21227999999996
O2025713,2025-11-30,C1088,consumer,new,south,malmo,home,kitchen,invoice,email,2,63.46,0.101,3,No,114.10108000000001
O2025714,2025-01-04,C1146,corporate,new,north,uppsala,electronics,tablet,gift card,email,1,209.21,0.142,3,No,179.50218
O2025715,2025-07-20,C1009,consumer,returning,south,helsingborg,sports,team sports,card,organic,1,88.44,0.075,2,No,81.807
O2025716,2025-10-24,C1028,consumer,vip,east,norrkoping,electronics,mobile,gift card,email,1,408.46,0.176,5,No,336.57104
O2025718,2025-11-15,C1191,consumer,new,west,goteborg,beauty,fragrance,card,organic,1,121.16,0.007,3,No,120.31188
O2025719,2025-04-22,C1215,consumer,returning,north,stockholm,fashion,accessories,gift card,email,3,37.11,0.127,2,No,97.19109
O2025720,2025-04-13,C1161,small business,returning,west,boras,fashion,shoes,card,affiliate,1,110.97,0.094,5,No,100.53882
O2025721,2025-05-12,C1250,corporate,returning,north,uppsala,electronics,headphones,swish,organic,2,206.91,0.01,3,No,409.6818
O2025722,2025-01-23,C1106,consumer,returning,north,stockholm,electronics,mobile,card,email,3,512.46,0.076,4,No,1420.5391200000001
O2025723,2025-04-20,C1048,consumer,vip,north,uppsala,electronics,headphones,swish,paid search,1,174.74,0.081,2,No,160.58606
O2025724,2025-03-07,C1156,consumer,new,west,goteborg,sports,cycling,card,direct,1,737.59,0.088,3,No,672.68208
O2025725,2025-05-06,C1098,small business,returning,west,halmstad,electronics,mobile,invoice,email,1,429.53,0.09,4,No,390.8723
O2025726,2025-03-21,C1014,consumer,new,north,vasteras,home,lighting,swish,paid search,1,226.82,0.105,5,No,203.0039
O2025727,2025-05-19,C1107,consumer,vip,south,malmo,electronics,mobile,card,paid search,1,358.86,0.106,5,No,320.82084000000003
O2025729,2025-06-22,C1189,consumer,new,south,helsingborg,sports,team sports,swish,social,2,101.15,0.122,2,Yes,177.6194
O2025730,2025-10-11,C1105,consumer,vip,west,halmstad,electronics,tablet,card,email,2,561.87,0.102,3,No,1009.11852
O2025732,2025-02-11,C1146,corporate,new,south,malmo,sports,outdoor,card,organic,2,87.14,0,3,No,174.28
O2025733,2025-02-17,C1258,consumer,vip,west,halmstad,fashion,shoes,paypal,paid search,2,110.12,0.093,2,No,199.75768000000002
O2025734,2025-12-14,C1094,consumer,returning,north,uppsala,fashion,accessories,invoice,email,1,42.08,0.144,3,No,36.02048
O2025735,2025-05-19,C1105,consumer,vip,west,halmstad,electronics,mobile,swish,email,1,565.28,0.077,3,No,521.75344
O2025736,2025-07-09,C1187,consumer,returning,north,vasteras,sports,fitness,card,email,1,385.87,0.082,4,No,354.22866
O2025737,2025-10-30,C1003,corporate,returning,east,norrkoping,sports,fitness,gift card,affiliate,1,200.53,0.073,4,Yes,185.89131
O2025738,2025-04-09,C1251,small business,returning,west,boras,sports,fitness,paypal,affiliate,1,154.8,0.039,1,No,148.7628
O2025741,2025-08-05,C1252,corporate,returning,north,uppsala,fashion,shoes,paypal,direct,1,138.91,0.086,1,No,126.96374
O2025743,2025-11-12,C1257,consumer,returning,north,uppsala,sports,team sports,card,direct,3,89.37,0.071,2,No,249.07419000000002
O2025744,2025-11-06,C1101,consumer,returning,west,boras,fashion,jackets,card,organic,1,222.39,0.049,4,No,211.49289
O2025747,2025-04-03,C1103,consumer,new,north,vasteras,home,furniture,card,direct,1,883.04,0.03,5,No,856.5487999999999
O2025748,2025-12-23,C1228,small business,returning,west,halmstad,electronics,laptop,card,social,1,1381.75,0,3,No,1381.75
O2025749,2025-06-29,C1215,consumer,returning,west,halmstad,sports,cycling,card,organic,1,726.49,0.025,4,No,708.32775
O2025750,2025-10-02,C1022,small business,returning,west,halmstad,sports,fitness,card,organic,1,291.31,0.088,1,No,265.67472000000004
O2025751,2025-11-07,C1095,corporate,new,west,halmstad,fashion,accessories,card,paid search,1,41.76,0.043,1,No,39.964319999999994
O2025753,2025-06-21,C1138,consumer,new,south,lund,beauty,fragrance,paypal,paid search,1,85.64,0.069,4,No,79.73084
O2025754,2025-11-15,C1204,small business,new,west,goteborg,electronics,tablet,invoice,email,1,627.5,0.008,2,No,622.48
O2025755,2025-09-22,C1187,consumer,returning,north,vasteras,fashion,jackets,card,organic,1,60.49,0.119,2,No,53.29169
O2025756,2025-02-25,C1043,corporate,new,west,halmstad,home,decor,swish,email,1,120.45,0.059,6,Yes,113.34345
O2025758,2025-07-03,C1073,small business,new,north,vasteras,electronics,mobile,card,organic,2,472.61,0.027,4,No,919.69906
O2025759,2025-05-22,C1076,consumer,new,north,uppsala,fashion,jackets,card,paid search,2,245.99,0.078,5,Yes,453.60556
O2025760,2025-11-14,C1142,small business,returning,south,helsingborg,electronics,headphones,gift card,email,1,168.56,0.2,3,No,134.848
O2025761,2025-06-13,C1162,consumer,returning,south,helsingborg,home,decor,swish,paid search,3,95.55,0.048,5,No,272.89079999999996
O2025762,2025-12-06,C1006,consumer,vip,south,lund,home,lighting,paypal,email,2,198.07,0.155,2,Yes,334.7383
O2025763,2025-11-28,C1028,consumer,vip,east,norrkoping,home,decor,card,email,1,43.75,0.045,6,Yes,41.78125
O2025764,2025-08-10,C1100,small business,new,west,goteborg,sports,cycling,gift card,social,2,900.56,0.056,5,No,1700.2572799999998
O2025765,2025-07-21,C1238,small business,returning,west,goteborg,sports,outdoor,swish,paid search,1,109.65,0.011,5,No,108.44385
O2025767,2025-11-08,C1030,small business,returning,north,stockholm,electronics,mobile,card,paid search,1,258.05,0.045,3,No,246.43775
O2025768,2025-02-03,C1021,consumer,returning,north,stockholm,fashion,shoes,card,direct,1,90.79,0.033,4,No,87.79393
O2025769,2025-07-29,C1189,consumer,new,south,helsingborg,electronics,headphones,card,direct,2,173.37,0,2,No,346.74
O2025770,2025-06-13,C1105,consumer,vip,west,halmstad,fashion,sportswear,gift card,social,1,76.01,0.043,2,No,72.74157
O2025771,2025-06-22,C1249,corporate,returning,west,goteborg,fashion,jackets,card,social,2,115.26,0.076,4,No,213.00048
O2025772,2025-04-13,C1028,consumer,vip,east,norrkoping,home,kitchen,card,direct,1,92.39,0.07,5,No,85.92269999999999
O2025773,2025-06-18,C1061,small business,returning,north,vasteras,home,furniture,gift card,paid search,1,195.28,0.15,3,No,165.988
O2025774,2025-02-11,C1042,consumer,returning,north,uppsala,home,furniture,invoice,social,1,1035.63,0.075,5,No,957.9577500000001
O2025775,2025-06-07,C1032,consumer,returning,north,uppsala,home,kitchen,paypal,organic,1,111.67,0,6,No,111.67
O2025776,2025-03-04,C1149,consumer,returning,south,helsingborg,electronics,headphones,swish,direct,3,175.77,0.106,4,No,471.41514000000006
O2025777,2025-05-27,C1159,consumer,returning,south,malmo,fashion,jackets,invoice,organic,1,62.3,0.091,3,No,56.6307
O2025778,2025-06-21,C1042,consumer,returning,north,uppsala,fashion,jackets,card,social,1,241.29,0,1,No,241.29
O2025780,2025-11-19,C1085,small business,returning,west,halmstad,sports,outdoor,swish,social,2,293.76,0.043,2,No,562.25664
O2025781,2025-01-18,C1207,consumer,new,north,stockholm,electronics,headphones,swish,social,1,249.07,0.011,4,No,246.33023
O2025782,2025-07-24,C1007,consumer,returning,north,vasteras,home,furniture,swish,social,1,918.14,0.095,3,No,830.9167
O2025783,2025-08-05,C1233,corporate,returning,west,halmstad,electronics,tablet,card,email,1,563.65,0.306,4,No,391.1731
O2025784,2025-03-21,C1221,consumer,returning,west,halmstad,sports,fitness,card,direct,2,202.95,0.035,4,No,391.6935
O2025785,2025-06-21,C1183,small business,new,east,norrkoping,electronics,laptop,invoice,direct,2,1478.22,0.073,1,Yes,2740.61988
O2025786,2025-04-25,C1157,consumer,new,north,uppsala,home,lighting,swish,direct,1,133.92,0.01,4,No,132.58079999999998
O2025787,2025-10-07,C1026,small business,returning,south,malmo,fashion,accessories,invoice,organic,2,19.43,0.047,5,No,37.03358
O2025788,2025-02-04,C1146,corporate,new,north,uppsala,fashion,sportswear,invoice,organic,1,77.49,0.058,2,No,72.99557999999999
O2025789,2025-10-23,C1087,consumer,returning,west,halmstad,electronics,mobile,invoice,social,1,405.89,0.059,3,Yes,381.94249
O2025790,2025-09-28,C1133,small business,vip,north,vasteras,fashion,shoes,swish,social,1,107.55,0.021,2,No,105.29145
O2025791,2025-01-01,C1150,consumer,vip,east,norrkoping,electronics,tablet,invoice,social,2,683.39,0.097,5,No,1234.20234
O2025793,2025-10-15,C1018,small business,returning,west,goteborg,fashion,shoes,swish,email,1,113.35,0.125,4,No,99.18124999999999
O2025794,2025-08-19,C1053,consumer,new,west,boras,sports,team sports,gift card,organic,3,72.98,0.028,5,No,212.80968
O2025795,2025-11-08,C1120,small business,new,north,stockholm,fashion,jackets,swish,direct,1,163.04,0.134,3,No,141.19263999999998
O2025796,2025-12-05,C1107,consumer,vip,south,malmo,electronics,tablet,paypal,paid search,1,486.49,0.081,3,No,447.08431
O2025797,2025-08-21,C1172,corporate,returning,east,norrkoping,fashion,sportswear,swish,organic,1,53.57,0.028,2,No,52.07004
O2025798,2025-09-17,C1013,consumer,returning,west,halmstad,beauty,skincare,invoice,social,1,59.62,0.112,3,Yes,52.94256
O2025799,2025-05-05,C1147,consumer,returning,west,boras,fashion,sportswear,swish,social,1,71.49,0,6,No,71.49
O2025800,2025-10-13,C1168,consumer,new,east,orebro,fashion,jackets,card,paid search,1,168.32,0.058,3,No,158.55743999999999
O2025801,2025-05-25,C1077,consumer,new,north,stockholm,home,furniture,gift card,email,1,1184.36,0.1,5,No,1065.924
O2025802,2025-07-18,C1024,consumer,new,west,halmstad,electronics,headphones,paypal,direct,1,67.27,0.021,3,Yes,65.85732999999999
O2025803,2025-05-20,C1253,consumer,new,north,uppsala,electronics,tablet,card,social,1,644.27,0.037,4,No,620.43201
O2025804,2025-08-15,C1074,small business,new,east,linkoping,sports,team sports,card,direct,1,52.66,0,4,No,52.66
O2025805,2025-12-23,C1065,small business,new,north,uppsala,fashion,shoes,paypal,direct,3,98.89,0.001,1,Yes,296.37333
O2025806,2025-12-16,C1202,small business,returning,south,helsingborg,beauty,skincare,invoice,social,1,80.42,0,5,No,80.42
O2025809,2025-01-14,C1021,consumer,returning,north,stockholm,home,kitchen,paypal,paid search,1,98.75,0,5,No,98.75
O2025810,2025-07-17,C1062,consumer,vip,south,helsingborg,beauty,haircare,invoice,paid search,3,43.48,0.128,3,No,113.74368
O2025811,2025-06-08,C1136,consumer,returning,west,halmstad,beauty,skincare,card,organic,1,39.18,0,3,No,39.18
O2025812,2025-02-11,C1125,small business,returning,east,norrkoping,electronics,headphones,invoice,social,1,180.43,0.104,5,Yes,161.66528
O2025813,2025-01-04,C1164,corporate,returning,east,linkoping,fashion,jackets,card,paid search,2,189.37,0.042,8,Yes,362.83292
O2025814,2025-06-02,C1059,small business,new,north,vasteras,beauty,fragrance,swish,paid search,2,95.8,0.079,4,Yes,176.4636
O2025816,2025-03-26,C1179,consumer,returning,east,orebro,electronics,headphones,card,direct,1,161.5,0.078,3,No,148.90300000000002
O2025817,2025-12-11,C1110,corporate,returning,south,malmo,electronics,headphones,swish,organic,1,233.04,0,2,No,233.04
O2025818,2025-01-26,C1038,consumer,returning,north,stockholm,home,decor,gift card,affiliate,2,95.34,0.222,3,No,148.34904
O2025820,2025-08-11,C1132,corporate,returning,west,boras,electronics,laptop,card,affiliate,1,881.39,0.041,5,Yes,845.2530099999999
O2025821,2025-09-16,C1242,small business,new,east,linkoping,home,kitchen,swish,organic,1,62.68,0.092,6,No,56.91344
O2025822,2025-10-05,C1142,small business,returning,south,helsingborg,beauty,makeup,invoice,organic,1,43.69,0.092,4,No,39.670519999999996
O2025823,2025-07-17,C1149,consumer,returning,east,orebro,electronics,laptop,card,direct,1,1535.07,0.033,3,No,1484.4126899999999
O2025824,2025-06-03,C1191,consumer,new,south,lund,fashion,jackets,card,organic,1,156.59,0.143,5,No,134.19763
O2025825,2025-07-02,C1079,consumer,vip,east,linkoping,sports,cycling,card,affiliate,2,489.31,0.062,5,Yes,917.94556
O2025826,2025-12-04,C1169,consumer,returning,north,uppsala,electronics,laptop,gift card,social,2,1037.82,0,1,No,2075.64
O2025827,2025-11-28,C1209,consumer,returning,north,stockholm,home,kitchen,gift card,email,2,112.81,0.119,3,No,198.77122
O2025828,2025-08-10,C1167,small business,new,south,helsingborg,fashion,shoes,invoice,email,2,113.54,0.065,3,No,212.31980000000001
O2025829,2025-03-30,C1172,corporate,returning,east,norrkoping,beauty,haircare,card,email,3,37.38,0.007,3,No,111.35502000000001
O2025830,2025-02-18,C1013,consumer,returning,north,uppsala,beauty,makeup,invoice,paid search,2,54.06,0.07,2,No,100.5516
O2025831,2025-01-14,C1104,small business,returning,west,goteborg,sports,fitness,card,social,2,202.88,0.148,3,No,345.70752
O2025832,2025-04-26,C1211,consumer,new,north,uppsala,fashion,jackets,card,social,1,176.16,0.04,1,No,169.1136
O2025833,2025-08-30,C1160,consumer,new,east,orebro,electronics,mobile,card,social,1,530.7,0.021,6,No,519.5553
O2025834,2025-04-29,C1012,small business,returning,east,norrkoping,sports,fitness,card,social,1,153.53,0.063,4,No,143.85761000000002
O2025835,2025-09-24,C1112,small business,returning,north,stockholm,electronics,laptop,card,organic,2,923.45,0.024,3,No,1802.5744
O2025836,2025-12-08,C1237,small business,returning,south,malmo,fashion,shoes,card,paid search,1,139.27,0.075,5,No,128.82475000000002
O2025837,2025-05-21,C1179,consumer,returning,east,orebro,beauty,haircare,paypal,paid search,1,19.08,0.148,6,No,16.256159999999998
O2025838,2025-11-28,C1047,consumer,returning,east,norrkoping,electronics,headphones,card,email,2,192.69,0.094,6,No,349.15428000000003
O2025839,2025-07-21,C1195,consumer,returning,south,malmo,electronics,mobile,invoice,paid search,1,622.19,0.096,4,Yes,562.4597600000001
O2025840,2025-06-04,C1240,consumer,returning,south,lund,sports,fitness,swish,organic,1,195.24,0.071,2,No,181.37796000000003
O2025841,2025-02-24,C1215,consumer,returning,north,stockholm,electronics,laptop,paypal,organic,1,1284.47,0,3,Yes,1284.47
O2025842,2025-05-10,C1005,small business,returning,west,goteborg,fashion,sportswear,swish,paid search,1,82.31,0.084,2,No,75.39596
O2025843,2025-05-01,C1239,corporate,returning,south,helsingborg,electronics,headphones,invoice,social,1,353.93,0.057,5,No,333.75599
O2025844,2025-09-18,C1095,corporate,new,west,halmstad,beauty,skincare,invoice,email,1,75.6,0.119,1,No,66.6036
O2025845,2025-06-29,C1053,consumer,new,west,boras,fashion,accessories,card,social,1,36.18,0.078,3,Yes,33.35796
O2025846,2025-01-15,C1207,consumer,new,north,stockholm,electronics,headphones,card,email,2,212.55,0.088,2,No,387.69120000000004
O2025847,2025-10-21,C1059,small business,new,south,malmo,fashion,jackets,invoice,organic,1,211.97,0.058,4,No,199.67574
O2025848,2025-04-23,C1086,consumer,returning,south,helsingborg,sports,team sports,card,organic,1,42.24,0,7,No,42.24
O2025849,2025-07-23,C1037,consumer,vip,west,boras,electronics,headphones,invoice,organic,1,349.55,0.168,6,No,290.8256
O2025850,2025-01-04,C1151,consumer,returning,west,halmstad,electronics,laptop,card,organic,1,691.2,0.058,3,No,651.1104
O2025851,2025-05-15,C1155,corporate,new,south,helsingborg,beauty,haircare,card,email,2,55.85,0.162,1,Yes,93.6046
O2025852,2025-10-31,C1100,small business,new,west,goteborg,home,kitchen,swish,paid search,1,18.55,0.127,6,Yes,16.19415
O2025853,2025-09-14,C1078,small business,returning,south,helsingborg,home,furniture,invoice,social,1,388.94,0.032,5,No,376.49392
O2025854,2025-12-24,C1235,small business,returning,north,stockholm,sports,fitness,card,organic,1,320.23,0.069,1,No,298.13413
O2025855,2025-01-01,C1033,small business,returning,south,helsingborg,electronics,tablet,swish,social,1,375.62,0.055,2,No,354.9609
O2025856,2025-11-17,C1244,consumer,returning,west,boras,fashion,accessories,card,social,1,20.32,0,3,No,20.32
O2025857,2025-12-19,C1250,corporate,returning,north,uppsala,electronics,headphones,card,affiliate,1,153.6,0.105,3,No,137.472
O2025858,2025-01-09,C1122,corporate,new,east,orebro,fashion,sportswear,paypal,paid search,2,80.28,0.06,4,No,150.9264
O2025859,2025-04-19,C1027,small business,returning,north,stockholm,beauty,makeup,invoice,social,2,44.22,0.012,4,No,87.37872
O2025860,2025-04-24,C1098,small business,returning,west,halmstad,electronics,headphones,swish,affiliate,2,161.07,0.13,3,No,280.2618
O2025861,2025-08-29,C1173,corporate,new,west,halmstad,electronics,headphones,gift card,organic,2,184.86,0.045,1,No,353.0826
O2025862,2025-08-20,C1198,consumer,vip,south,helsingborg,sports,team sports,gift card,email,2,115.39,0.03,2,No,223.8566
O2025863,2025-06-09,C1077,consumer,new,north,stockholm,beauty,makeup,card,paid search,1,44.68,0.041,5,No,42.84812
O2025864,2025-01-04,C1085,small business,returning,west,halmstad,electronics,mobile,card,direct,1,429.24,0.035,4,Yes,414.21659999999997
O2025865,2025-06-29,C1125,small business,returning,east,norrkoping,fashion,jackets,card,organic,2,165.15,0.089,2,Yes,300.9033
O2025866,2025-03-18,C1174,consumer,returning,west,boras,electronics,headphones,invoice,social,1,205.97,0.05,3,No,195.67149999999998
O2025868,2025-10-16,C1205,small business,vip,south,malmo,beauty,fragrance,card,paid search,2,82.34,0.11,2,No,146.5652
O2025869,2025-09-26,C1178,consumer,vip,south,malmo,sports,outdoor,card,social,2,40.71,0.097,3,No,73.52226
O2025870,2025-04-08,C1180,corporate,returning,north,stockholm,home,decor,card,organic,1,100.91,0,4,No,100.91
O2025871,2025-05-24,C1025,consumer,returning,north,uppsala,fashion,shoes,invoice,paid search,2,101.03,0.133,4,No,175.18602
O2025872,2025-10-23,C1109,small business,returning,south,helsingborg,home,furniture,invoice,organic,1,602.36,0,6,No,602.36
O2025873,2025-07-09,C1000,small business,returning,west,boras,sports,team sports,swish,social,2,136.19,0.019,4,Yes,267.20477999999997
O2025874,2025-02-07,C1093,small business,returning,west,boras,sports,outdoor,swish,organic,1,202.34,0.076,1,No,186.96216
O2025875,2025-05-03,C1259,consumer,returning,north,stockholm,home,furniture,card,email,2,940.48,0.145,3,No,1608.2208
O2025876,2025-04-25,C1193,corporate,returning,north,uppsala,sports,team sports,card,email,1,87.67,0.067,4,No,81.79611000000001
O2025877,2025-02-12,C1017,small business,returning,west,goteborg,home,lighting,card,affiliate,1,189.98,0.055,2,No,179.53109999999998
O2025878,2025-06-04,C1076,consumer,new,north,uppsala,electronics,laptop,gift card,organic,1,1484.91,0.026,1,No,1446.30234
O2025879,2025-09-15,C1248,consumer,new,west,boras,electronics,laptop,card,organic,2,804.8,0.041,3,No,1543.6064
O2025880,2025-11-21,C1212,corporate,new,south,malmo,sports,fitness,card,direct,1,175.96,0,2,No,175.96
O2025881,2025-05-10,C1225,small business,returning,north,stockholm,fashion,jackets,invoice,organic,2,176.81,0,1,No,353.62
O2025882,2025-02-14,C1020,consumer,returning,east,linkoping,fashion,sportswear,invoice,affiliate,4,83.86,0.066,2,No,313.30096
O2025883,2025-07-10,C1000,small business,returning,east,linkoping,electronics,laptop,invoice,affiliate,2,1151.83,0.105,6,No,2061.7756999999997
O2025884,2025-05-16,C1138,consumer,new,south,lund,home,decor,card,direct,1,79.73,0,5,No,79.73
O2025885,2025-06-20,C1141,small business,returning,south,malmo,home,kitchen,swish,paid search,1,91.05,0.111,4,No,80.94345
O2025886,2025-10-30,C1081,consumer,returning,north,stockholm,sports,cycling,swish,organic,2,606.66,0,1,No,1213.32
O2025887,2025-05-13,C1113,small business,returning,south,lund,beauty,haircare,swish,organic,1,44.54,0.057,2,No,42.001219999999996
O2025888,2025-03-27,C1245,consumer,returning,west,boras,fashion,sportswear,invoice,email,2,93.02,0.257,3,Yes,138.22772
O2025889,2025-01-08,C1136,consumer,returning,west,halmstad,fashion,accessories,card,paid search,1,48.22,0.084,3,No,44.16952
O2025890,2025-07-31,C1241,consumer,vip,south,lund,fashion,sportswear,card,social,1,63.04,0.122,3,Yes,55.34912
O2025891,2025-08-02,C1177,small business,returning,east,linkoping,beauty,haircare,swish,organic,1,9.75,0.057,2,No,9.19425
O2025892,2025-07-30,C1068,consumer,new,east,linkoping,fashion,jackets,card,social,2,214.3,0.04,4,No,411.456
O2025893,2025-02-10,C1197,consumer,vip,north,uppsala,home,kitchen,card,paid search,2,141.11,0.117,3,No,249.20026000000001
O2025894,2025-12-12,C1141,small business,returning,east,orebro,electronics,mobile,swish,direct,1,616.91,0,2,No,616.91
O2025895,2025-11-06,C1137,consumer,new,west,boras,home,lighting,swish,organic,3,183.01,0.04,3,No,527.0688
O2025896,2025-08-17,C1245,consumer,returning,west,halmstad,home,furniture,swish,social,1,390.14,0.043,5,No,373.36397999999997
O2025897,2025-06-13,C1112,small business,returning,north,stockholm,beauty,skincare,card,social,1,68.47,0.035,3,Yes,66.07355
O2025898,2025-12-22,C1073,small business,new,north,vasteras,home,lighting,paypal,paid search,1,193.59,0.162,5,No,162.22842
O2025899,2025-10-21,C1171,small business,returning,west,halmstad,home,decor,swish,social,1,50,0,5,Yes,50
O2025900,2025-01-20,C1138,consumer,new,south,lund,sports,team sports,card,direct,1,80.06,0.085,3,No,73.2549
O2025901,2025-06-15,C1247,corporate,returning,west,goteborg,sports,fitness,gift card,paid search,1,212.64,0.049,5,No,202.22063999999997
O2025902,2025-01-07,C1034,small business,returning,south,helsingborg,sports,fitness,invoice,social,1,319.74,0.063,3,No,299.59638
O2025903,2025-02-27,C1211,consumer,new,north,uppsala,home,furniture,invoice,email,2,451.67,0.148,3,No,769.64568
O2025904,2025-03-20,C1241,consumer,vip,west,boras,home,lighting,card,affiliate,1,109.76,0.124,5,No,96.14976
O2025905,2025-09-05,C1163,corporate,returning,west,boras,electronics,headphones,invoice,paid search,1,108.87,0.032,3,No,105.38616
O2025906,2025-10-31,C1144,consumer,returning,north,uppsala,fashion,accessories,card,social,1,36.41,0.037,1,No,35.06283
O2025907,2025-04-03,C1177,small business,returning,east,linkoping,beauty,haircare,invoice,affiliate,1,23.29,0.109,3,No,20.75139
O2025908,2025-02-20,C1222,consumer,returning,east,linkoping,electronics,mobile,paypal,social,2,147.34,0.023,6,Yes,287.90236
O2025909,2025-07-01,C1097,consumer,vip,east,orebro,beauty,fragrance,card,direct,1,118.37,0.2,4,No,94.69600000000001
O2025910,2025-10-08,C1047,consumer,returning,east,norrkoping,sports,cycling,invoice,direct,1,806.6,0.076,2,No,745.2984
O2025911,2025-09-23,C1016,consumer,returning,north,stockholm,fashion,accessories,invoice,social,1,20.39,0.072,4,No,18.92192
O2025912,2025-03-02,C1219,consumer,new,west,goteborg,sports,cycling,invoice,direct,2,771.89,0.072,1,No,1432.62784
O2025914,2025-06-12,C1041,consumer,returning,south,lund,sports,outdoor,invoice,organic,4,167.15,0.064,3,No,625.8095999999999
O2025915,2025-08-27,C1026,small business,returning,south,malmo,sports,team sports,invoice,paid search,2,113.62,0.07,5,No,211.3332
O2025916,2025-04-17,C1175,corporate,returning,west,halmstad,sports,outdoor,swish,paid search,2,122.84,0.156,1,No,207.35392
O2025917,2025-09-25,C1227,consumer,new,north,stockholm,electronics,headphones,invoice,paid search,1,136.55,0.069,2,No,127.12805000000002
O2025918,2025-03-23,C1203,small business,returning,east,orebro,sports,outdoor,invoice,direct,1,207.49,0.058,3,No,195.45558
O2025919,2025-11-11,C1113,small business,returning,south,lund,electronics,laptop,card,social,1,1075.23,0.061,6,No,1009.64097
O2025920,2025-08-13,C1184,small business,returning,north,vasteras,beauty,skincare,swish,social,4,45.26,0.052,3,Yes,171.62591999999998
O2025921,2025-04-24,C1184,small business,returning,north,vasteras,home,kitchen,card,social,1,103.57,0,4,Yes,103.57
O2025922,2025-06-19,C1133,small business,vip,north,vasteras,fashion,sportswear,card,paid search,1,38.65,0.088,2,No,35.2488
O2025923,2025-07-21,C1046,corporate,new,north,stockholm,fashion,accessories,card,direct,1,36.81,0.007,1,No,36.552330000000005
O2025924,2025-11-03,C1011,small business,returning,east,linkoping,home,decor,card,affiliate,1,88.81,0.036,6,No,85.61284
O2025925,2025-09-23,C1038,consumer,returning,north,stockholm,beauty,skincare,invoice,paid search,2,47.67,0.077,5,No,87.99882000000001
O2025926,2025-06-23,C1017,small business,returning,north,stockholm,beauty,makeup,invoice,organic,1,55.74,0.081,4,No,51.225060000000006
O2025927,2025-10-25,C1102,small business,returning,west,goteborg,home,lighting,invoice,paid search,1,187.26,0.054,3,No,177.14795999999998
O2025928,2025-08-19,C1243,consumer,returning,east,linkoping,fashion,accessories,swish,organic,2,34.26,0.018,4,No,67.28663999999999
O2025929,2025-04-21,C1254,small business,returning,east,orebro,electronics,tablet,swish,social,1,497.71,0.022,6,No,486.76038
O2025930,2025-01-17,C1197,consumer,vip,north,stockholm,home,decor,card,social,1,117.91,0.069,4,No,109.77421
O2025931,2025-02-16,C1063,consumer,returning,east,linkoping,electronics,headphones,invoice,affiliate,1,132.34,0.127,5,No,115.53282
O2025932,2025-11-27,C1064,consumer,vip,north,uppsala,home,decor,invoice,social,1,106.61,0.141,4,No,91.57799
O2025933,2025-05-01,C1054,consumer,vip,north,stockholm,home,furniture,card,direct,1,476.03,0.135,3,No,411.76595
O2025934,2025-01-13,C1161,small business,returning,west,boras,home,lighting,card,social,1,208.31,0.082,5,No,191.22858000000002
O2025935,2025-01-27,C1135,consumer,returning,north,stockholm,home,lighting,invoice,direct,1,248.6,0.05,6,No,236.17
O2025936,2025-01-23,C1080,consumer,new,north,vasteras,electronics,headphones,card,organic,1,79.42,0.025,3,No,77.4345
O2025937,2025-04-25,C1245,consumer,returning,west,halmstad,fashion,sportswear,gift card,direct,2,98.46,0.078,1,No,181.56024
O2025938,2025-02-07,C1000,small business,returning,east,linkoping,fashion,shoes,invoice,organic,1,86,0.068,4,No,80.152
O2025939,2025-09-19,C1036,consumer,new,north,stockholm,sports,outdoor,swish,organic,1,163.91,0.119,3,No,144.40471
O2025940,2025-02-07,C1171,small business,returning,west,halmstad,fashion,accessories,swish,direct,3,35.93,0.069,5,No,100.35249
O2025941,2025-06-15,C1256,consumer,new,north,uppsala,sports,team sports,invoice,direct,3,150.2,0,4,No,450.59999999999997
O2025942,2025-12-12,C1048,consumer,vip,north,uppsala,sports,team sports,invoice,direct,1,100.41,0.137,4,No,86.65383
O2025943,2025-07-15,C1201,consumer,returning,west,halmstad,fashion,sportswear,invoice,organic,1,112.16,0.001,2,No,112.04784
O2025944,2025-05-05,C1039,consumer,returning,north,vasteras,sports,team sports,invoice,direct,1,8,0.112,2,No,7.104
O2025946,2025-10-19,C1192,corporate,returning,west,goteborg,sports,cycling,paypal,paid search,1,667.38,0.041,4,No,640.01742
O2025947,2025-08-25,C1061,small business,returning,north,vasteras,home,decor,paypal,paid search,1,94.03,0.046,4,No,89.70461999999999
O2025948,2025-08-27,C1186,corporate,returning,east,norrkoping,beauty,makeup,invoice,direct,1,50.46,0,5,No,50.46
O2025949,2025-06-09,C1118,corporate,new,north,uppsala,beauty,makeup,invoice,email,1,9.94,0.08,3,No,9.1448
O2025950,2025-12-19,C1033,small business,returning,south,helsingborg,electronics,laptop,card,email,1,791.06,0.038,6,No,760.9997199999999
O2025951,2025-08-28,C1243,consumer,returning,east,linkoping,home,kitchen,card,organic,1,109.65,0.046,6,No,104.6061
O2025952,2025-07-30,C1158,corporate,new,north,stockholm,electronics,laptop,card,direct,2,871.39,0.024,4,No,1700.95328
O2025953,2025-09-05,C1195,consumer,returning,south,malmo,sports,cycling,swish,direct,2,510.06,0.021,2,No,998.69748
O2025957,2025-04-28,C1175,corporate,returning,east,norrkoping,home,kitchen,card,affiliate,1,45.19,0.087,6,No,41.25847
O2025958,2025-05-09,C1203,small business,returning,east,orebro,beauty,haircare,card,email,1,29.34,0.045,4,No,28.0197
O2025959,2025-11-27,C1109,small business,returning,south,helsingborg,electronics,headphones,card,organic,1,157.13,0.129,4,No,136.86023
O2025960,2025-01-05,C1009,consumer,returning,south,helsingborg,beauty,haircare,card,social,1,45.66,0.068,3,No,42.555119999999995
O2025961,2025-03-09,C1215,consumer,returning,north,stockholm,sports,fitness,swish,social,2,269.73,0.085,1,No,493.6059000000001
O2025962,2025-10-18,C1110,corporate,returning,east,norrkoping,beauty,fragrance,paypal,social,1,70.11,0.065,5,No,65.55285
O2025963,2025-08-07,C1093,small business,returning,west,boras,home,decor,invoice,social,1,103.36,0.043,2,Yes,98.91552
O2025964,2025-04-03,C1045,small business,returning,north,uppsala,electronics,tablet,card,organic,1,517.37,0.08,3,No,475.98040000000003
O2025966,2025-06-19,C1136,consumer,returning,west,halmstad,home,kitchen,card,organic,1,185.05,0.03,3,No,179.4985
O2025967,2025-08-25,C1117,small business,returning,east,orebro,electronics,tablet,swish,paid search,1,695.37,0,5,No,695.37
O2025968,2025-10-29,C1222,consumer,returning,east,linkoping,fashion,shoes,invoice,organic,2,74.94,0.04,4,No,143.88479999999998
O2025969,2025-02-02,C1202,small business,returning,south,helsingborg,electronics,headphones,invoice,email,1,211.66,0.086,5,No,193.45724
O2025970,2025-06-23,C1121,small business,returning,north,stockholm,electronics,headphones,card,social,1,127.13,0.006,4,No,126.36721999999999
O2025971,2025-02-25,C1249,corporate,returning,west,goteborg,electronics,tablet,card,email,1,554.22,0.17,5,No,460.0026
O2025972,2025-05-09,C1176,small business,returning,north,stockholm,home,furniture,card,paid search,2,1063.24,0.144,3,No,1820.26688
O2025974,2025-09-24,C1044,consumer,returning,north,stockholm,home,lighting,card,organic,2,170.87,0,3,No,341.74
O2025975,2025-11-17,C1027,small business,returning,north,stockholm,home,furniture,card,email,1,430.02,0.096,8,Yes,388.73807999999997
O2025976,2025-01-06,C1049,consumer,vip,north,uppsala,electronics,laptop,gift card,social,2,1625.78,0.1,3,Yes,2926.404
O2025977,2025-07-27,C1009,consumer,returning,south,helsingborg,fashion,accessories,card,organic,1,61.3,0.023,2,No,59.8901
O2025979,2025-01-20,C1085,small business,returning,west,halmstad,beauty,skincare,invoice,email,1,52.32,0.135,4,No,45.2568
O2025980,2025-06-18,C1164,corporate,returning,east,linkoping,electronics,headphones,card,organic,1,129.97,0.05,5,No,123.47149999999999
O2025981,2025-06-08,C1014,consumer,new,north,vasteras,electronics,laptop,card,email,1,1023.14,0.124,2,Yes,896.27064
O2025982,2025-06-14,C1075,consumer,vip,north,stockholm,fashion,sportswear,swish,social,1,53.08,0.051,2,No,50.37291999999999
O2025983,2025-09-14,C1249,corporate,returning,west,goteborg,electronics,tablet,swish,email,1,787.41,0.017,4,No,774.0240299999999
O2025984,2025-01-16,C1040,consumer,returning,east,linkoping,beauty,haircare,swish,paid search,2,35.79,0.049,7,Yes,68.07258
O2025985,2025-07-17,C1169,consumer,returning,north,uppsala,electronics,laptop,paypal,organic,2,1039.02,0.042,3,No,1990.7623199999998
O2025986,2025-09-10,C1039,consumer,returning,north,vasteras,fashion,sportswear,paypal,social,1,69.04,0.097,3,No,62.343120000000006
O2025988,2025-10-15,C1161,small business,returning,north,vasteras,electronics,mobile,swish,paid search,1,348.56,0.049,3,No,331.48055999999997
O2025989,2025-11-24,C1050,consumer,returning,east,linkoping,home,lighting,card,organic,1,198,0.052,6,No,187.70399999999998
O2025990,2025-09-11,C1207,consumer,new,north,stockholm,fashion,jackets,invoice,email,1,123.77,0.173,1,Yes,102.35779
O2025991,2025-08-16,C1002,small business,new,south,lund,electronics,headphones,card,social,1,207.95,0.044,1,No,198.8002
O2025992,2025-06-12,C1102,small business,returning,west,goteborg,fashion,sportswear,invoice,email,1,94.05,0.104,3,No,84.2688
O2025993,2025-06-21,C1079,consumer,vip,east,linkoping,electronics,tablet,card,direct,1,436.84,0.147,6,No,372.62451999999996
O2025994,2025-08-24,C1014,consumer,new,north,vasteras,electronics,headphones,swish,social,1,149.63,0.086,3,Yes,136.76182
O2025995,2025-11-24,C1207,consumer,new,north,stockholm,home,decor,swish,affiliate,1,74.55,0.059,3,No,70.15155
O2025996,2025-09-18,C1220,consumer,returning,west,halmstad,sports,team sports,card,social,1,87.32,0.001,3,No,87.23267999999999
O2025997,2025-08-04,C1243,consumer,returning,east,linkoping,electronics,headphones,paypal,paid search,2,294.1,0.039,6,No,565.2602
O2025998,2025-05-27,C1039,consumer,returning,north,vasteras,fashion,accessories,gift card,affiliate,1,65.29,0.025,3,No,63.65775000000001
O2026000,2025-03-02,C1252,corporate,returning,north,uppsala,electronics,tablet,paypal,organic,1,580.35,0.068,3,No,540.8862
